Team,Venue,Opponent,Score,Attendance,Referee
Arsenal,Home,Leicester City,'4 - 2,60033,Darren England
Arsenal,Home,Fulham,'2 - 1,60164,Jarred Gillett
Arsenal,Home,Aston Villa,'2 - 1,60012,Robert Jones
Arsenal,Home,Tottenham,'3 - 1,60278,Anthony Taylor
Arsenal,Home,Liverpool,'3 - 2,60059,Michael Oliver
Arsenal,Home,Nott'ham Forest,'5 - 0,60263,Simon Hooper
Arsenal,Home,West Ham,'3 - 1,60125,Michael Oliver
Arsenal,Home,Newcastle Utd,'0 - 0,60319,Andy Madley
Arsenal,Home,Manchester Utd,'3 - 2,60325,Anthony Taylor
Manchester City,Home,Bournemouth,'4 - 0,53453,David Coote
Manchester City,Home,Crystal Palace,'4 - 2,53112,Darren England
Manchester City,Home,Nott'ham Forest,'6 - 0,53409,Paul Tierney
Manchester City,Home,Manchester Utd,'6 - 3,53475,Michael Oliver
Manchester City,Home,Southampton,'4 - 0,53365,Andy Madley
Manchester City,Home,Brighton,'3 - 1,53223,Craig Pawson
Manchester City,Home,Fulham,'2 - 1,52395,Darren England
Manchester City,Home,Brentford,'1 - 2,52786,Peter Bankes
Manchester City,Home,Everton,'1 - 1,53444,Andy Madley
Manchester City,Home,Tottenham,'4 - 2,53088,Simon Hooper
Manchester City,Home,Wolves,'3 - 0,53282,David Coote
Manchester Utd,Home,Brighton,'1 - 2,73711,Paul Tierney
Manchester Utd,Home,Liverpool,'2 - 1,74147,Michael Oliver
Manchester Utd,Home,Arsenal,'3 - 1,73431,Paul Tierney
Manchester Utd,Home,Newcastle Utd,'0 - 0,73726,Craig Pawson
Manchester Utd,Home,Tottenham,'2 - 0,73677,Simon Hooper
Manchester Utd,Home,West Ham,'1 - 0,73682,Chris Kavanagh
Manchester Utd,Home,Nott'ham Forest,'3 - 0,73608,Anthony Taylor
Manchester Utd,Home,Bournemouth,'3 - 0,73322,Michael Salisbury
Manchester Utd,Home,Manchester City,'2 - 1,75546,Stuart Attwell
Manchester Utd,Home,Crystal Palace,'2 - 1,73420,Andre Marriner
Newcastle Utd,Home,Nott'ham Forest,'2 - 0,52245,Simon Hooper
Newcastle Utd,Home,Manchester City,'3 - 3,52258,Jarred Gillett
Newcastle Utd,Home,Crystal Palace,'0 - 0,51863,Michael Salisbury
Newcastle Utd,Home,Bournemouth,'1 - 1,52238,Craig Pawson
Newcastle Utd,Home,Brentford,'5 - 1,52067,John Brooks
Newcastle Utd,Home,Everton,'1 - 0,52247,Tony Harrington
Newcastle Utd,Home,Aston Villa,'4 - 0,52233,Paul Tierney
Newcastle Utd,Home,Chelsea,'1 - 0,52264,Robert Jones
Newcastle Utd,Home,Leeds United,'0 - 0,52211,Simon Hooper
Newcastle Utd,Home,Fulham,'1 - 0,52247,Robert Jones
Newcastle Utd,Home,West Ham,'1 - 1,52256,Peter Bankes
Tottenham,Home,Southampton,'4 - 1,61732,Andre Marriner
Tottenham,Home,Wolves,'1 - 0,61298,Simon Hooper
Tottenham,Home,Fulham,'2 - 1,61641,Stuart Attwell
Tottenham,Home,Leicester City,'6 - 2,61450,Simon Hooper
Tottenham,Home,Everton,'2 - 0,61812,Paul Tierney
Tottenham,Home,Newcastle Utd,'1 - 2,61726,Jarred Gillett
Tottenham,Home,Liverpool,'1 - 2,62008,Andy Madley
Tottenham,Home,Leeds United,'4 - 3,61667,Michael Salisbury
Tottenham,Home,Aston Villa,'0 - 2,61651,John Brooks
Tottenham,Home,Arsenal,'0 - 2,61870,Craig Pawson
Tottenham,Home,Manchester City,'1 - 0,61747,Andy Madley
Brighton,Home,Newcastle Utd,'0 - 0,31552,Graham Scott
Brighton,Home,Leeds United,'1 - 0,30953,Michael Salisbury
Brighton,Home,Leicester City,'5 - 2,31185,Tony Harrington
Brighton,Home,Tottenham,'0 - 1,31498,Tony Harrington
Brighton,Home,Nott'ham Forest,'0 - 0,31463,Darren England
Brighton,Home,Chelsea,'4 - 1,31746,Andy Madley
Brighton,Home,Aston Villa,'1 - 2,31581,Chris Kavanagh
Brighton,Home,Arsenal,'2 - 4,31647,Anthony Taylor
Brighton,Home,Liverpool,'3 - 0,31645,Darren England
Brighton,Home,Bournemouth,'1 - 0,31600,Craig Pawson
Brentford,Home,Manchester Utd,'4 - 0,17051,Stuart Attwell
Brentford,Home,Everton,'1 - 1,17009,John Brooks
Brentford,Home,Leeds United,'5 - 2,17092,Robert Jones
Brentford,Home,Arsenal,'0 - 3,17122,David Coote
Brentford,Home,Brighton,'2 - 0,17016,Michael Salisbury
Brentford,Home,Chelsea,'0 - 0,17118,Jarred Gillett
Brentford,Home,Wolves,'1 - 1,17051,Robert Madley
Brentford,Home,Tottenham,'2 - 2,17137,David Coote
Brentford,Home,Liverpool,'3 - 1,17163,Stuart Attwell
Brentford,Home,Bournemouth,'2 - 0,17031,Jarred Gillett
Brentford,Home,Southampton,'3 - 0,17051,Darren Bond
Fulham,Home,Liverpool,'2 - 2,22207,Andy Madley
Fulham,Home,Brentford,'3 - 2,21798,Peter Bankes
Fulham,Home,Brighton,'2 - 1,22224,Thomas Bramall
Fulham,Home,Newcastle Utd,'1 - 4,22913,Darren England
Fulham,Home,Bournemouth,'2 - 2,22541,Graham Scott
Fulham,Home,Aston Villa,'3 - 0,23508,Michael Oliver
Fulham,Home,Everton,'0 - 0,23534,John Brooks
Fulham,Home,Manchester Utd,'1 - 2,24246,Paul Tierney
Fulham,Home,Southampton,'2 - 1,24344,Graham Scott
Fulham,Home,Chelsea,'2 - 1,24460,David Coote
Fulham,Home,Tottenham,'0 - 1,24190,Paul Tierney
Chelsea,Home,Tottenham,'2 - 2,39946,Anthony Taylor
Chelsea,Home,Leicester City,'2 - 1,39953,Paul Tierney
Chelsea,Home,West Ham,'2 - 1,39923,Andy Madley
Chelsea,Home,Wolves,'3 - 0,39940,Simon Hooper
Chelsea,Home,Manchester Utd,'1 - 1,39503,Stuart Attwell
Chelsea,Home,Arsenal,'0 - 1,40142,Michael Oliver
Chelsea,Home,Bournemouth,'2 - 0,40046,Simon Hooper
Chelsea,Home,Manchester City,'0 - 1,39998,Paul Tierney
Chelsea,Home,Crystal Palace,'1 - 0,40075,Peter Bankes
Chelsea,Home,Fulham,'0 - 0,40041,Stuart Attwell
Liverpool,Home,Crystal Palace,'1 - 1,52970,Paul Tierney
Liverpool,Home,Bournemouth,'9 - 0,53328,Stuart Attwell
Liverpool,Home,Newcastle Utd,'2 - 1,53316,Andre Marriner
Liverpool,Home,Brighton,'3 - 3,53320,Andy Madley
Liverpool,Home,Manchester City,'1 - 0,53286,Anthony Taylor
Liverpool,Home,West Ham,'1 - 0,52982,Stuart Attwell
Liverpool,Home,Leeds United,'1 - 2,53274,Michael Oliver
Liverpool,Home,Southampton,'3 - 1,53331,Simon Hooper
Liverpool,Home,Leicester City,'2 - 1,53343,Craig Pawson
Liverpool,Home,Chelsea,'0 - 0,53126,Michael Oliver
Aston Villa,Home,Everton,'2 - 1,41883,Michael Oliver
Aston Villa,Home,West Ham,'0 - 1,41796,David Coote
Aston Villa,Home,Manchester City,'1 - 1,41830,Simon Hooper
Aston Villa,Home,Southampton,'1 - 0,40758,Tony Harrington
Aston Villa,Home,Chelsea,'0 - 2,41754,Robert Jones
Aston Villa,Home,Brentford,'4 - 0,41693,Darren England
Aston Villa,Home,Manchester Utd,'3 - 1,42058,Anthony Taylor
Aston Villa,Home,Liverpool,'1 - 3,42085,Paul Tierney
Aston Villa,Home,Wolves,'1 - 1,39978,Jarred Gillett
Aston Villa,Home,Leeds United,'2 - 1,42008,Michael Oliver
Aston Villa,Home,Leicester City,'2 - 4,42055,Darren England
Crystal Palace,Home,Arsenal,'0 - 2,25286,Anthony Taylor
Crystal Palace,Home,Aston Villa,'3 - 1,22012,Andy Madley
Crystal Palace,Home,Brentford,'1 - 1,25043,Simon Hooper
Crystal Palace,Home,Chelsea,'1 - 2,25198,Chris Kavanagh
Crystal Palace,Home,Leeds United,'2 - 1,25042,Paul Tierney
Crystal Palace,Home,Wolves,'2 - 1,25125,David Coote
Crystal Palace,Home,Southampton,'1 - 0,25130,Michael Salisbury
Crystal Palace,Home,Fulham,'0 - 3,25176,Andy Madley
Crystal Palace,Home,Tottenham,'0 - 4,25132,Michael Oliver
Crystal Palace,Home,Manchester Utd,'1 - 1,23343,Robert Jones
Crystal Palace,Home,Newcastle Utd,'0 - 0,25350,Craig Pawson
Nott'ham Forest,Home,West Ham,'1 - 0,29281,Robert Jones
Nott'ham Forest,Home,Tottenham,'0 - 2,29296,Craig Pawson
Nott'ham Forest,Home,Bournemouth,'2 - 3,28720,Michael Oliver
Nott'ham Forest,Home,Fulham,'2 - 3,28654,Jarred Gillett
Nott'ham Forest,Home,Aston Villa,'1 - 1,29208,Anthony Taylor
Nott'ham Forest,Home,Liverpool,'1 - 0,29245,Paul Tierney
Nott'ham Forest,Home,Brentford,'2 - 2,28869,Andre Marriner
Nott'ham Forest,Home,Crystal Palace,'1 - 0,29045,John Brooks
Nott'ham Forest,Home,Chelsea,'1 - 1,29229,Peter Bankes
Nott'ham Forest,Home,Leicester City,'2 - 0,29301,Paul Tierney
Nott'ham Forest,Home,Leeds United,'1 - 0,29363,Robert Jones
Leicester City,Home,Brentford,'2 - 2,31794,Jarred Gillett
Leicester City,Home,Southampton,'1 - 2,30850,Michael Salisbury
Leicester City,Home,Manchester Utd,'0 - 1,32226,Craig Pawson
Leicester City,Home,Nott'ham Forest,'4 - 0,32202,Robert Jones
Leicester City,Home,Crystal Palace,'0 - 0,31298,Andy Madley
Leicester City,Home,Leeds United,'2 - 0,30814,Peter Bankes
Leicester City,Home,Manchester City,'0 - 1,32223,Robert Jones
Leicester City,Home,Newcastle Utd,'0 - 3,32185,Jarred Gillett
Leicester City,Home,Fulham,'0 - 1,30813,Darren Bond
Leicester City,Home,Brighton,'2 - 2,32056,Thomas Bramall
Wolves,Home,Fulham,'0 - 0,31178,John Brooks
Wolves,Home,Newcastle Utd,'1 - 1,31311,Peter Bankes
Wolves,Home,Southampton,'1 - 0,30546,John Brooks
Wolves,Home,Manchester City,'0 - 3,31578,Anthony Taylor
Wolves,Home,Nott'ham Forest,'1 - 0,31554,Thomas Bramall
Wolves,Home,Leicester City,'0 - 4,31425,Michael Oliver
Wolves,Home,Brighton,'2 - 3,30732,Graham Scott
Wolves,Home,Arsenal,'0 - 2,34624,Stuart Attwell
Wolves,Home,Manchester Utd,'0 - 1,31658,Robert Jones
Wolves,Home,West Ham,'1 - 0,31511,Simon Hooper
Wolves,Home,Liverpool,'3 - 0,31664,Paul Tierney
West Ham,Home,Manchester City,'0 - 2,62443,Michael Oliver
West Ham,Home,Brighton,'0 - 2,62449,Anthony Taylor
West Ham,Home,Tottenham,'1 - 1,62450,Peter Bankes
West Ham,Home,Wolves,'2 - 0,62444,Paul Tierney
West Ham,Home,Fulham,'3 - 1,62407,Chris Kavanagh
West Ham,Home,Bournemouth,'2 - 0,62447,David Coote
West Ham,Home,Crystal Palace,'1 - 2,62451,Paul Tierney
West Ham,Home,Leicester City,'0 - 2,62459,Jarred Gillett
West Ham,Home,Brentford,'0 - 2,62467,Darren England
West Ham,Home,Everton,'2 - 0,62470,Stuart Attwell
Leeds United,Home,Wolves,'2 - 1,36347,Robert Jones
Leeds United,Home,Chelsea,'3 - 0,36372,Stuart Attwell
Leeds United,Home,Everton,'1 - 1,36338,Darren England
Leeds United,Home,Aston Villa,'0 - 0,36582,Stuart Attwell
Leeds United,Home,Arsenal,'0 - 1,36700,Chris Kavanagh
Leeds United,Home,Fulham,'2 - 3,36447,Anthony Taylor
Leeds United,Home,Bournemouth,'4 - 3,36304,Tony Harrington
Leeds United,Home,Manchester City,'1 - 3,36889,Stuart Attwell
Leeds United,Home,West Ham,'2 - 2,36173,David Coote
Leeds United,Home,Brentford,'0 - 0,36260,Peter Bankes
Arsenal,Home,Leicester City,'4 - 2,60033,Darren England
Arsenal,Home,Fulham,'2 - 1,60164,Jarred Gillett
Arsenal,Home,Aston Villa,'2 - 1,60012,Robert Jones
Arsenal,Home,Tottenham,'3 - 1,60278,Anthony Taylor
Arsenal,Home,Liverpool,'3 - 2,60059,Michael Oliver
Arsenal,Home,Nott'ham Forest,'5 - 0,60263,Simon Hooper
Arsenal,Home,West Ham,'3 - 1,60125,Michael Oliver
Arsenal,Home,Newcastle Utd,'0 - 0,60319,Andy Madley
Arsenal,Home,Manchester Utd,'3 - 2,60325,Anthony Taylor
Manchester City,Home,Bournemouth,'4 - 0,53453,David Coote
Manchester City,Home,Crystal Palace,'4 - 2,53112,Darren England
Manchester City,Home,Nott'ham Forest,'6 - 0,53409,Paul Tierney
Manchester City,Home,Manchester Utd,'6 - 3,53475,Michael Oliver
Manchester City,Home,Southampton,'4 - 0,53365,Andy Madley
Manchester City,Home,Brighton,'3 - 1,53223,Craig Pawson
Manchester City,Home,Fulham,'2 - 1,52395,Darren England
Manchester City,Home,Brentford,'1 - 2,52786,Peter Bankes
Manchester City,Home,Everton,'1 - 1,53444,Andy Madley
Manchester City,Home,Tottenham,'4 - 2,53088,Simon Hooper
Manchester City,Home,Wolves,'3 - 0,53282,David Coote
Manchester Utd,Home,Brighton,'1 - 2,73711,Paul Tierney
Manchester Utd,Home,Liverpool,'2 - 1,74147,Michael Oliver
Manchester Utd,Home,Arsenal,'3 - 1,73431,Paul Tierney
Manchester Utd,Home,Newcastle Utd,'0 - 0,73726,Craig Pawson
Manchester Utd,Home,Tottenham,'2 - 0,73677,Simon Hooper
Manchester Utd,Home,West Ham,'1 - 0,73682,Chris Kavanagh
Manchester Utd,Home,Nott'ham Forest,'3 - 0,73608,Anthony Taylor
Manchester Utd,Home,Bournemouth,'3 - 0,73322,Michael Salisbury
Manchester Utd,Home,Manchester City,'2 - 1,75546,Stuart Attwell
Manchester Utd,Home,Crystal Palace,'2 - 1,73420,Andre Marriner
Newcastle Utd,Home,Nott'ham Forest,'2 - 0,52245,Simon Hooper
Newcastle Utd,Home,Manchester City,'3 - 3,52258,Jarred Gillett
Newcastle Utd,Home,Crystal Palace,'0 - 0,51863,Michael Salisbury
Newcastle Utd,Home,Bournemouth,'1 - 1,52238,Craig Pawson
Newcastle Utd,Home,Brentford,'5 - 1,52067,John Brooks
Newcastle Utd,Home,Everton,'1 - 0,52247,Tony Harrington
Newcastle Utd,Home,Aston Villa,'4 - 0,52233,Paul Tierney
Newcastle Utd,Home,Chelsea,'1 - 0,52264,Robert Jones
Newcastle Utd,Home,Leeds United,'0 - 0,52211,Simon Hooper
Newcastle Utd,Home,Fulham,'1 - 0,52247,Robert Jones
Newcastle Utd,Home,West Ham,'1 - 1,52256,Peter Bankes
Tottenham,Home,Southampton,'4 - 1,61732,Andre Marriner
Tottenham,Home,Wolves,'1 - 0,61298,Simon Hooper
Tottenham,Home,Fulham,'2 - 1,61641,Stuart Attwell
Tottenham,Home,Leicester City,'6 - 2,61450,Simon Hooper
Tottenham,Home,Everton,'2 - 0,61812,Paul Tierney
Tottenham,Home,Newcastle Utd,'1 - 2,61726,Jarred Gillett
Tottenham,Home,Liverpool,'1 - 2,62008,Andy Madley
Tottenham,Home,Leeds United,'4 - 3,61667,Michael Salisbury
Tottenham,Home,Aston Villa,'0 - 2,61651,John Brooks
Tottenham,Home,Arsenal,'0 - 2,61870,Craig Pawson
Tottenham,Home,Manchester City,'1 - 0,61747,Andy Madley
Brighton,Home,Newcastle Utd,'0 - 0,31552,Graham Scott
Brighton,Home,Leeds United,'1 - 0,30953,Michael Salisbury
Brighton,Home,Leicester City,'5 - 2,31185,Tony Harrington
Brighton,Home,Tottenham,'0 - 1,31498,Tony Harrington
Brighton,Home,Nott'ham Forest,'0 - 0,31463,Darren England
Brighton,Home,Chelsea,'4 - 1,31746,Andy Madley
Brighton,Home,Aston Villa,'1 - 2,31581,Chris Kavanagh
Brighton,Home,Arsenal,'2 - 4,31647,Anthony Taylor
Brighton,Home,Liverpool,'3 - 0,31645,Darren England
Brighton,Home,Bournemouth,'1 - 0,31600,Craig Pawson
Brentford,Home,Manchester Utd,'4 - 0,17051,Stuart Attwell
Brentford,Home,Everton,'1 - 1,17009,John Brooks
Brentford,Home,Leeds United,'5 - 2,17092,Robert Jones
Brentford,Home,Arsenal,'0 - 3,17122,David Coote
Brentford,Home,Brighton,'2 - 0,17016,Michael Salisbury
Brentford,Home,Chelsea,'0 - 0,17118,Jarred Gillett
Brentford,Home,Wolves,'1 - 1,17051,Robert Madley
Brentford,Home,Tottenham,'2 - 2,17137,David Coote
Brentford,Home,Liverpool,'3 - 1,17163,Stuart Attwell
Brentford,Home,Bournemouth,'2 - 0,17031,Jarred Gillett
Brentford,Home,Southampton,'3 - 0,17051,Darren Bond
Fulham,Home,Liverpool,'2 - 2,22207,Andy Madley
Fulham,Home,Brentford,'3 - 2,21798,Peter Bankes
Fulham,Home,Brighton,'2 - 1,22224,Thomas Bramall
Fulham,Home,Newcastle Utd,'1 - 4,22913,Darren England
Fulham,Home,Bournemouth,'2 - 2,22541,Graham Scott
Fulham,Home,Aston Villa,'3 - 0,23508,Michael Oliver
Fulham,Home,Everton,'0 - 0,23534,John Brooks
Fulham,Home,Manchester Utd,'1 - 2,24246,Paul Tierney
Fulham,Home,Southampton,'2 - 1,24344,Graham Scott
Fulham,Home,Chelsea,'2 - 1,24460,David Coote
Fulham,Home,Tottenham,'0 - 1,24190,Paul Tierney
Chelsea,Home,Tottenham,'2 - 2,39946,Anthony Taylor
Chelsea,Home,Leicester City,'2 - 1,39953,Paul Tierney
Chelsea,Home,West Ham,'2 - 1,39923,Andy Madley
Chelsea,Home,Wolves,'3 - 0,39940,Simon Hooper
Chelsea,Home,Manchester Utd,'1 - 1,39503,Stuart Attwell
Chelsea,Home,Arsenal,'0 - 1,40142,Michael Oliver
Chelsea,Home,Bournemouth,'2 - 0,40046,Simon Hooper
Chelsea,Home,Manchester City,'0 - 1,39998,Paul Tierney
Chelsea,Home,Crystal Palace,'1 - 0,40075,Peter Bankes
Chelsea,Home,Fulham,'0 - 0,40041,Stuart Attwell
Liverpool,Home,Crystal Palace,'1 - 1,52970,Paul Tierney
Liverpool,Home,Bournemouth,'9 - 0,53328,Stuart Attwell
Liverpool,Home,Newcastle Utd,'2 - 1,53316,Andre Marriner
Liverpool,Home,Brighton,'3 - 3,53320,Andy Madley
Liverpool,Home,Manchester City,'1 - 0,53286,Anthony Taylor
Liverpool,Home,West Ham,'1 - 0,52982,Stuart Attwell
Liverpool,Home,Leeds United,'1 - 2,53274,Michael Oliver
Liverpool,Home,Southampton,'3 - 1,53331,Simon Hooper
Liverpool,Home,Leicester City,'2 - 1,53343,Craig Pawson
Liverpool,Home,Chelsea,'0 - 0,53126,Michael Oliver
Aston Villa,Home,Everton,'2 - 1,41883,Michael Oliver
Aston Villa,Home,West Ham,'0 - 1,41796,David Coote
Aston Villa,Home,Manchester City,'1 - 1,41830,Simon Hooper
Aston Villa,Home,Southampton,'1 - 0,40758,Tony Harrington
Aston Villa,Home,Chelsea,'0 - 2,41754,Robert Jones
Aston Villa,Home,Brentford,'4 - 0,41693,Darren England
Aston Villa,Home,Manchester Utd,'3 - 1,42058,Anthony Taylor
Aston Villa,Home,Liverpool,'1 - 3,42085,Paul Tierney
Aston Villa,Home,Wolves,'1 - 1,39978,Jarred Gillett
Aston Villa,Home,Leeds United,'2 - 1,42008,Michael Oliver
Aston Villa,Home,Leicester City,'2 - 4,42055,Darren England
Crystal Palace,Home,Arsenal,'0 - 2,25286,Anthony Taylor
Crystal Palace,Home,Aston Villa,'3 - 1,22012,Andy Madley
Crystal Palace,Home,Brentford,'1 - 1,25043,Simon Hooper
Crystal Palace,Home,Chelsea,'1 - 2,25198,Chris Kavanagh
Crystal Palace,Home,Leeds United,'2 - 1,25042,Paul Tierney
Crystal Palace,Home,Wolves,'2 - 1,25125,David Coote
Crystal Palace,Home,Southampton,'1 - 0,25130,Michael Salisbury
Crystal Palace,Home,Fulham,'0 - 3,25176,Andy Madley
Crystal Palace,Home,Tottenham,'0 - 4,25132,Michael Oliver
Crystal Palace,Home,Manchester Utd,'1 - 1,23343,Robert Jones
Crystal Palace,Home,Newcastle Utd,'0 - 0,25350,Craig Pawson
Nott'ham Forest,Home,West Ham,'1 - 0,29281,Robert Jones
Nott'ham Forest,Home,Tottenham,'0 - 2,29296,Craig Pawson
Nott'ham Forest,Home,Bournemouth,'2 - 3,28720,Michael Oliver
Nott'ham Forest,Home,Fulham,'2 - 3,28654,Jarred Gillett
Nott'ham Forest,Home,Aston Villa,'1 - 1,29208,Anthony Taylor
Nott'ham Forest,Home,Liverpool,'1 - 0,29245,Paul Tierney
Nott'ham Forest,Home,Brentford,'2 - 2,28869,Andre Marriner
Nott'ham Forest,Home,Crystal Palace,'1 - 0,29045,John Brooks
Nott'ham Forest,Home,Chelsea,'1 - 1,29229,Peter Bankes
Nott'ham Forest,Home,Leicester City,'2 - 0,29301,Paul Tierney
Nott'ham Forest,Home,Leeds United,'1 - 0,29363,Robert Jones
Leicester City,Home,Brentford,'2 - 2,31794,Jarred Gillett
Leicester City,Home,Southampton,'1 - 2,30850,Michael Salisbury
Leicester City,Home,Manchester Utd,'0 - 1,32226,Craig Pawson
Leicester City,Home,Nott'ham Forest,'4 - 0,32202,Robert Jones
Leicester City,Home,Crystal Palace,'0 - 0,31298,Andy Madley
Leicester City,Home,Leeds United,'2 - 0,30814,Peter Bankes
Leicester City,Home,Manchester City,'0 - 1,32223,Robert Jones
Leicester City,Home,Newcastle Utd,'0 - 3,32185,Jarred Gillett
Leicester City,Home,Fulham,'0 - 1,30813,Darren Bond
Leicester City,Home,Brighton,'2 - 2,32056,Thomas Bramall
Wolves,Home,Fulham,'0 - 0,31178,John Brooks
Wolves,Home,Newcastle Utd,'1 - 1,31311,Peter Bankes
Wolves,Home,Southampton,'1 - 0,30546,John Brooks
Wolves,Home,Manchester City,'0 - 3,31578,Anthony Taylor
Wolves,Home,Nott'ham Forest,'1 - 0,31554,Thomas Bramall
Wolves,Home,Leicester City,'0 - 4,31425,Michael Oliver
Wolves,Home,Brighton,'2 - 3,30732,Graham Scott
Wolves,Home,Arsenal,'0 - 2,34624,Stuart Attwell
Wolves,Home,Manchester Utd,'0 - 1,31658,Robert Jones
Wolves,Home,West Ham,'1 - 0,31511,Simon Hooper
Wolves,Home,Liverpool,'3 - 0,31664,Paul Tierney
West Ham,Home,Manchester City,'0 - 2,62443,Michael Oliver
West Ham,Home,Brighton,'0 - 2,62449,Anthony Taylor
West Ham,Home,Tottenham,'1 - 1,62450,Peter Bankes
West Ham,Home,Wolves,'2 - 0,62444,Paul Tierney
West Ham,Home,Fulham,'3 - 1,62407,Chris Kavanagh
West Ham,Home,Bournemouth,'2 - 0,62447,David Coote
West Ham,Home,Crystal Palace,'1 - 2,62451,Paul Tierney
West Ham,Home,Leicester City,'0 - 2,62459,Jarred Gillett
West Ham,Home,Brentford,'0 - 2,62467,Darren England
West Ham,Home,Everton,'2 - 0,62470,Stuart Attwell
Leeds United,Home,Wolves,'2 - 1,36347,Robert Jones
Leeds United,Home,Chelsea,'3 - 0,36372,Stuart Attwell
Leeds United,Home,Everton,'1 - 1,36338,Darren England
Leeds United,Home,Aston Villa,'0 - 0,36582,Stuart Attwell
Leeds United,Home,Arsenal,'0 - 1,36700,Chris Kavanagh
Leeds United,Home,Fulham,'2 - 3,36447,Anthony Taylor
Leeds United,Home,Bournemouth,'4 - 3,36304,Tony Harrington
Leeds United,Home,Manchester City,'1 - 3,36889,Stuart Attwell
Leeds United,Home,West Ham,'2 - 2,36173,David Coote
Leeds United,Home,Brentford,'0 - 0,36260,Peter Bankes
Everton,Home,Chelsea,'0 - 1,39254,Craig Pawson
Everton,Home,Nott'ham Forest,'1 - 1,39271,Andre Marriner
Everton,Home,Liverpool,'0 - 0,39240,Anthony Taylor
Everton,Home,West Ham,'1 - 0,39298,Michael Oliver
Everton,Home,Manchester Utd,'1 - 2,39258,David Coote
Everton,Home,Crystal Palace,'3 - 0,38939,Simon Hooper
Everton,Home,Leicester City,'0 - 2,39206,David Coote
Everton,Home,Wolves,'1 - 2,39252,Craig Pawson
Everton,Home,Brighton,'1 - 4,39103,Andre Marriner
Everton,Home,Southampton,'1 - 2,39305,John Brooks
Everton,Home,Arsenal,'1 - 0,39314,David Coote
Bournemouth,Home,Aston Villa,'2 - 0,11013,Peter Bankes
Bournemouth,Home,Arsenal,'0 - 3,10423,Craig Pawson
Bournemouth,Home,Wolves,'0 - 0,10113,Anthony Taylor
Bournemouth,Home,Brentford,'0 - 0,10126,Thomas Bramall
Bournemouth,Home,Leicester City,'2 - 1,10272,Michael Salisbury
Bournemouth,Home,Southampton,'0 - 1,10405,John Brooks
Bournemouth,Home,Tottenham,'2 - 3,10430,Anthony Taylor
Bournemouth,Home,Everton,'3 - 0,10382,Craig Pawson
Bournemouth,Home,Crystal Palace,'0 - 2,9972,Andre Marriner
Bournemouth,Home,Nott'ham Forest,'1 - 1,10248,Andy Madley
Southampton,Home,Leeds United,'2 - 2,30815,Tony Harrington
Southampton,Home,Manchester Utd,'0 - 1,31196,Andy Madley
Southampton,Home,Chelsea,'2 - 1,31542,Michael Oliver
Southampton,Home,Everton,'1 - 2,30510,Andre Marriner
Southampton,Home,West Ham,'1 - 1,29159,Peter Bankes
Southampton,Home,Arsenal,'1 - 1,31145,Robert Jones
Southampton,Home,Newcastle Utd,'1 - 4,30402,Stuart Attwell
Southampton,Home,Brighton,'1 - 3,31010,Robert Jones
Southampton,Home,Nott'ham Forest,'0 - 1,30150,Thomas Bramall
Southampton,Home,Aston Villa,'0 - 1,30158,Michael Salisbury
Napoli,Home,Monza,'4 - 0,36559,Francesco Fourneau
Napoli,Home,Lecce,'1 - 1,37573,Matteo Marcenaro
Napoli,Home,Spezia,'1 - 0,32839,Alberto Santoro
Napoli,Home,Torino,'3 - 1,35953,Luca Massimi
Napoli,Home,Bologna,'3 - 2,50000,Francesco Cosso
Napoli,Home,Sassuolo,'4 - 0,45000,Antonio Rapuano
Napoli,Home,Empoli,'2 - 0,36000,Luca Pairetto
Napoli,Home,Udinese,'3 - 2,51000,Giovanni Ayroldi
Napoli,Home,Juventus,'5 - 1,60000,Daniele Doveri
Inter,Home,Spezia,'3 - 0,71212,Davide Ghersini
Inter,Home,Cremonese,'3 - 1,70750,Francesco Fourneau
Inter,Home,Torino,'1 - 0,69134,Giovanni Ayroldi
Inter,Home,Roma,'1 - 2,75389,Davide Massa
Inter,Home,Salernitana,'2 - 0,75452,Juan Sacchi
Inter,Home,Sampdoria,'3 - 0,73311,Luca Massimi
Inter,Home,Bologna,'6 - 1,69312,Andrea Colombo
Inter,Home,Napoli,'1 - 0,75470,Simone Sozza
Inter,Home,Hellas Verona,'1 - 0,70734,Michael Fabbri
Roma,Home,Cremonese,'1 - 0,60859,Luca Massimi
Roma,Home,Monza,'3 - 0,60669,Marco Piccinini
Roma,Home,Atalanta,'0 - 1,61335,Daniele Chiffi
Roma,Home,Lecce,'2 - 1,64018,Alessandro Prontera
Roma,Home,Napoli,'0 - 1,61633,Massimiliano Irrati
Roma,Home,Lazio,'0 - 1,62847,Daniele Orsato
Roma,Home,Torino,'1 - 1,61168,Antonio Rapuano
Roma,Home,Bologna,'1 - 0,62092,Alberto Santoro
Roma,Home,Fiorentina,'2 - 0,61327,Antonio Giua
Lazio,Home,Bologna,'2 - 1,45000,Luca Massimi
Lazio,Home,Inter,'3 - 1,52500,Michael Fabbri
Lazio,Home,Napoli,'1 - 2,39000,Simone Sozza
Lazio,Home,Hellas Verona,'2 - 0,38000,Massimiliano Irrati
Lazio,Home,Spezia,'4 - 0,41000,Juan Sacchi
Lazio,Home,Udinese,'0 - 0,45000,Andrea Colombo
Lazio,Home,Salernitana,'1 - 3,40000,Gianluca Manganiello
Lazio,Home,Monza,'1 - 0,36000,Alberto Santoro
Lazio,Home,Empoli,'2 - 2,31000,Ivan Pezzuto
Atalanta,Home,Milan,'1 - 1,19216,Fabio Maresca
Atalanta,Home,Torino,'3 - 1,17928,Marco Di Bello
Atalanta,Home,Cremonese,'1 - 1,18252,Andrea Colombo
Atalanta,Home,Fiorentina,'1 - 0,18265,Massimiliano Irrati
Atalanta,Home,Sassuolo,'2 - 1,17772,Matteo Marcenaro
Atalanta,Home,Lazio,'0 - 2,18988,Rosario Abisso
Atalanta,Home,Napoli,'1 - 2,19363,Maurizio Mariani
Atalanta,Home,Inter,'2 - 3,19353,Daniele Chiffi
Atalanta,Home,Salernitana,'8 - 2,18499,Gianluca Aureliano
Milan,Home,Udinese,'4 - 2,70197,Livio Marinelli
Milan,Home,Bologna,'2 - 0,70430,Gianluca Manganiello
Milan,Home,Inter,'3 - 2,75475,Daniele Chiffi
Milan,Home,Napoli,'1 - 2,72573,Maurizio Mariani
Milan,Home,Juventus,'2 - 0,75530,Daniele Orsato
Milan,Home,Monza,'4 - 1,72938,Livio Marinelli
Milan,Home,Spezia,'2 - 1,71099,Michael Fabbri
Milan,Home,Fiorentina,'2 - 1,73007,Simone Sozza
Milan,Home,Roma,'2 - 2,74103,Davide Massa
Torino,Home,Lazio,'0 - 0,16530,Marco Piccinini
Torino,Home,Lecce,'1 - 0,19087,Manuel Volpi
Torino,Home,Sassuolo,'0 - 1,14822,Niccolò Baroni
Torino,Home,Empoli,'1 - 1,16793,Francesco Fourneau
Torino,Home,Juventus,'0 - 1,22269,Maurizio Mariani
Torino,Home,Milan,'2 - 1,26133,Rosario Abisso
Torino,Home,Sampdoria,'2 - 0,15593,Davide Massa
Torino,Home,Hellas Verona,'1 - 1,15000,Federico Dionisi
Torino,Home,Spezia,'0 - 1,15113,Davide Ghersini
Udinese,Home,Salernitana,'0 - 0,17054,Gianluca Aureliano
Udinese,Home,Fiorentina,'1 - 0,19684,Maurizio Mariani
Udinese,Home,Roma,'4 - 0,24108,Fabio Maresca
Udinese,Home,Inter,'3 - 1,22475,Paolo Valeri
Udinese,Home,Atalanta,'2 - 2,24671,Daniele Doveri
Udinese,Home,Torino,'1 - 2,20711,Matteo Marchetti
Udinese,Home,Lecce,'1 - 1,21834,Francesco Fourneau
Udinese,Home,Empoli,'1 - 1,19237,Marco Serra
Udinese,Home,Bologna,'1 - 2,20486,Manuel Volpi
Bologna,Home,Hellas Verona,'1 - 1,17725,Matteo Marcenaro
Bologna,Home,Salernitana,'1 - 1,19787,Davide Ghersini
Bologna,Home,Fiorentina,'2 - 1,18901,Daniele Orsato
Bologna,Home,Empoli,'0 - 1,15670,Manuel Volpi
Bologna,Home,Sampdoria,'1 - 1,20871,Marco Piccinini
Bologna,Home,Lecce,'2 - 0,24206,Simone Sozza
Bologna,Home,Torino,'2 - 1,23168,Antonio Giua
Bologna,Home,Sassuolo,'3 - 0,20811,Ivan Pezzuto
Bologna,Home,Atalanta,'1 - 2,16953,Marco Di Bello
Juventus,Home,Sassuolo,'3 - 0,38725,Antonio Rapuano
Juventus,Home,Roma,'1 - 1,41003,Massimiliano Irrati
Juventus,Home,Spezia,'2 - 0,35709,Andrea Colombo
Juventus,Home,Salernitana,'2 - 2,35097,Matteo Marcenaro
Juventus,Home,Bologna,'3 - 0,34662,Rosario Abisso
Juventus,Home,Empoli,'4 - 0,37771,Michael Fabbri
Juventus,Home,Inter,'2 - 0,40093,Daniele Doveri
Juventus,Home,Lazio,'3 - 0,38729,Davide Massa
Juventus,Home,Udinese,'1 - 0,39536,Matteo Marchetti
Monza,Home,Torino,'1 - 2,10739,Maurizio Mariani
Monza,Home,Udinese,'1 - 2,9955,Marco Di Bello
Monza,Home,Atalanta,'0 - 2,11970,Juan Sacchi
Monza,Home,Juventus,'1 - 0,12878,Fabio Maresca
Monza,Home,Spezia,'2 - 0,12094,Daniele Perenzoni
Monza,Home,Bologna,'1 - 2,11388,Luca Pairetto
Monza,Home,Hellas Verona,'2 - 0,11723,Francesco Cosso
Monza,Home,Salernitana,'3 - 0,12372,Antonio Giua
Monza,Home,Inter,'2 - 2,13622,Juan Sacchi
Empoli,Home,Fiorentina,'0 - 0,10411,Matteo Marchetti
Empoli,Home,Hellas Verona,'1 - 1,7269,Marco Serra
Empoli,Home,Roma,'1 - 2,4560,Livio Marinelli
Empoli,Home,Milan,'1 - 3,15497,Gianluca Aureliano
Empoli,Home,Monza,'1 - 0,7258,Antonio Rapuano
Empoli,Home,Atalanta,'0 - 2,8740,Giovanni Ayroldi
Empoli,Home,Sassuolo,'1 - 0,7834,Ermanno Feliciani
Empoli,Home,Cremonese,'2 - 0,8077,Federico Dionisi
Empoli,Home,Sampdoria,'1 - 0,10364,Alberto Santoro
Fiorentina,Home,Cremonese,'3 - 2,34461,Juan Sacchi
Fiorentina,Home,Napoli,'0 - 0,32286,Livio Marinelli
Fiorentina,Home,Juventus,'1 - 1,36550,Daniele Doveri
Fiorentina,Home,Hellas Verona,'2 - 0,32216,Antonio Rapuano
Fiorentina,Home,Lazio,'0 - 4,30574,Fabio Maresca
Fiorentina,Home,Inter,'3 - 4,36699,Paolo Valeri
Fiorentina,Home,Salernitana,'2 - 1,27329,Federico La Penna
Fiorentina,Home,Monza,'1 - 1,31190,Ermanno Feliciani
Fiorentina,Home,Sassuolo,'2 - 1,29695,Gianluca Manganiello
Fiorentina,Home,Torino,'0 - 1,29281,Federico Dionisi
Lecce,Home,Inter,'1 - 2,25353,Alessandro Prontera
Lecce,Home,Empoli,'1 - 1,23941,Alberto Santoro
Lecce,Home,Monza,'1 - 1,23391,Luca Pairetto
Lecce,Home,Cremonese,'1 - 1,23377,Livio Marinelli
Lecce,Home,Fiorentina,'1 - 1,24925,Luca Massimi
Lecce,Home,Juventus,'0 - 1,25860,Daniele Chiffi
Lecce,Home,Atalanta,'2 - 1,23797,Gianluca Aureliano
Lecce,Home,Lazio,'2 - 1,26084,Livio Marinelli
Lecce,Home,Milan,'2 - 2,25942,Daniele Orsato
Sassuolo,Home,Lecce,'1 - 0,9219,Andrea Colombo
Sassuolo,Home,Milan,'0 - 0,18053,Giovanni Ayroldi
Sassuolo,Home,Udinese,'1 - 3,8694,Giacomo Camplone
Sassuolo,Home,Salernitana,'5 - 0,15786,Maria Sole Ferrieri Caputi
Sassuolo,Home,Inter,'1 - 2,17574,Simone Sozza
Sassuolo,Home,Hellas Verona,'2 - 1,11368,Alberto Santoro
Sassuolo,Home,Roma,'1 - 1,16665,Giovanni Ayroldi
Sassuolo,Home,Sampdoria,'1 - 2,8000,Fabio Maresca
Sassuolo,Home,Lazio,'0 - 2,10000,Luca Pairetto
Salernitana,Home,Roma,'0 - 1,26006,Simone Sozza
Salernitana,Home,Sampdoria,'4 - 0,19116,Davide Massa
Salernitana,Home,Empoli,'2 - 2,18173,Rosario Abisso
Salernitana,Home,Lecce,'1 - 2,19488,Daniele Doveri
Salernitana,Home,Hellas Verona,'2 - 1,15922,Davide Ghersini
Salernitana,Home,Spezia,'1 - 0,17260,Daniele Chiffi
Salernitana,Home,Cremonese,'2 - 2,16780,Matteo Marchetti
Salernitana,Home,Milan,'1 - 2,29541,Francesco Fourneau
Salernitana,Home,Torino,'1 - 1,16300,Andrea Colombo
Spezia,Home,Empoli,'1 - 0,8360,Daniele Chiffi
Spezia,Home,Sassuolo,'2 - 2,6500,Francesco Cosso
Spezia,Home,Bologna,'2 - 2,7555,Antonio Giua
Spezia,Home,Sampdoria,'2 - 1,10000,Simone Sozza
Spezia,Home,Cremonese,'2 - 2,8400,Gianluca Manganiello
Spezia,Home,Fiorentina,'1 - 2,10500,Davide Massa
Spezia,Home,Udinese,'1 - 1,6900,Marco Piccinini
Spezia,Home,Atalanta,'2 - 2,7417,Antonio Giua
Spezia,Home,Lecce,'0 - 0,7300,Daniele Chiffi
Hellas Verona,Home,Napoli,'2 - 5,16967,Michael Fabbri
Hellas Verona,Home,Atalanta,'0 - 1,16106,Alessandro Prontera
Hellas Verona,Home,Sampdoria,'2 - 1,16675,Paolo Valeri
Hellas Verona,Home,Udinese,'1 - 2,15352,Daniele Minelli
Hellas Verona,Home,Milan,'1 - 2,22904,Davide Massa
Hellas Verona,Home,Roma,'1 - 3,24000,Juan Sacchi
Hellas Verona,Home,Juventus,'0 - 1,21934,Marco Di Bello
Hellas Verona,Home,Spezia,'1 - 2,18000,Fabio Maresca
Hellas Verona,Home,Cremonese,'2 - 0,3804,Maurizio Mariani
Sampdoria,Home,Atalanta,'0 - 2,20047,Federico Dionisi
Sampdoria,Home,Juventus,'0 - 0,27573,Rosario Abisso
Sampdoria,Home,Lazio,'1 - 1,18499,Gianluca Aureliano
Sampdoria,Home,Milan,'1 - 2,23049,Michael Fabbri
Sampdoria,Home,Monza,'0 - 3,19806,Giovanni Ayroldi
Sampdoria,Home,Roma,'0 - 1,20803,Marco Di Bello
Sampdoria,Home,Fiorentina,'0 - 2,19226,Livio Marinelli
Sampdoria,Home,Lecce,'0 - 2,20211,Daniele Doveri
Sampdoria,Home,Napoli,'0 - 2,24490,Rosario Abisso
Cremonese,Home,Torino,'1 - 2,11572,Paolo Valeri
Cremonese,Home,Sassuolo,'0 - 0,9105,Luca Pairetto
Cremonese,Home,Lazio,'0 - 4,12991,Daniele Orsato
Cremonese,Home,Napoli,'1 - 4,14238,Rosario Abisso
Cremonese,Home,Sampdoria,'0 - 1,13021,Fabio Maresca
Cremonese,Home,Udinese,'0 - 0,12810,Massimiliano Irrati
Cremonese,Home,Milan,'0 - 0,14610,Antonio Rapuano
Cremonese,Home,Juventus,'0 - 1,14896,Giovanni Ayroldi
Cremonese,Home,Monza,'2 - 3,11519,Davide Massa
Barcelona,Home,Rayo Vallecano,'0 - 0,81104,Alejandro Hernández
Barcelona,Home,Valladolid,'4 - 0,83972,Ricardo de Burgos
Barcelona,Home,Elche,'3 - 0,85073,Alejandro Muñíz
Barcelona,Home,Celta Vigo,'1 - 0,81525,José Luis Munuera
Barcelona,Home,Villarreal,'3 - 0,73261,Carlos del Cerro
Barcelona,Home,Athletic Club,'4 - 0,84817,Juan Martínez
Barcelona,Home,Almería,'2 - 0,92605,Pablo González
Barcelona,Home,Espanyol,'1 - 1,88095,Antonio Matéu
Barcelona,Home,Getafe,'1 - 0,79814,Javier Villanueva
Barcelona,Home,Sevilla,'3 - 0,77987,José Sánchez
Real Madrid,Home,Betis,'2 - 1,58579,José Sánchez
Real Madrid,Home,Mallorca,'4 - 1,54816,Jorge Figueroa
Real Madrid,Home,Osasuna,'1 - 1,55410,Guillermo Cuadra
Real Madrid,Home,Barcelona,'3 - 1,62876,José Sánchez
Real Madrid,Home,Sevilla,'3 - 1,59625,Alejandro Hernández
Real Madrid,Home,Girona,'1 - 1,58367,Mario Melero
Real Madrid,Home,Cádiz,'2 - 1,53190,César Soto
Real Madrid,Home,Real Sociedad,'0 - 0,58129,Mario Melero
Real Madrid,Home,Valencia,'2 - 0,51926,Alberola Rojas
Real Sociedad,Home,Barcelona,'1 - 4,36201,José Luis Munuera
Real Sociedad,Home,Atlético Madrid,'1 - 1,35366,César Soto
Real Sociedad,Home,Espanyol,'2 - 1,31511,Carlos del Cerro
Real Sociedad,Home,Villarreal,'1 - 0,32689,César Soto
Real Sociedad,Home,Mallorca,'1 - 0,27085,Miguel Ángel Ortiz Arias
Real Sociedad,Home,Betis,'0 - 2,32435,Javier Villanueva
Real Sociedad,Home,Valencia,'1 - 1,32773,José Luis Munuera
Real Sociedad,Home,Osasuna,'2 - 0,34847,Valentín Pizarro
Real Sociedad,Home,Athletic Club,'3 - 1,38296,Guillermo Cuadra
Real Sociedad,Home,Valladolid,'0 - 1,32214,Pablo González
AtlÃ©tico Madrid,Home,Villarreal,'0 - 2,57033,Ricardo de Burgos
AtlÃ©tico Madrid,Home,Celta Vigo,'4 - 1,52247,Alejandro Hernández
AtlÃ©tico Madrid,Home,Real Madrid,'1 - 2,66881,José Luis Munuera
AtlÃ©tico Madrid,Home,Girona,'2 - 1,54069,Juan Martínez
AtlÃ©tico Madrid,Home,Rayo Vallecano,'1 - 1,46803,Javier Villanueva
AtlÃ©tico Madrid,Home,Espanyol,'1 - 1,50007,Juan Pulido
AtlÃ©tico Madrid,Home,Elche,'2 - 0,48119,Guillermo Cuadra
AtlÃ©tico Madrid,Home,Barcelona,'0 - 1,63493,José Luis Munuera
AtlÃ©tico Madrid,Home,Valladolid,'3 - 0,53253,Ricardo de Burgos
AtlÃ©tico Madrid,Home,Getafe,'1 - 1,56079,Antonio Matéu
Rayo Vallecano,Home,Mallorca,'0 - 2,10944,José Sánchez
Rayo Vallecano,Home,Valencia,'2 - 1,12085,Jesús Gil
Rayo Vallecano,Home,Elche,'2 - 1,11662,Jorge Figueroa
Rayo Vallecano,Home,Getafe,'0 - 0,13076,Mario Melero
Rayo Vallecano,Home,Cádiz,'5 - 1,12975,Alejandro Muñíz
Rayo Vallecano,Home,Real Madrid,'3 - 2,14216,Juan Martínez
Rayo Vallecano,Home,Celta Vigo,'0 - 0,12419,José Luis Munuera
Rayo Vallecano,Home,Betis,'1 - 2,13119,Isidro Díaz de Mera
Rayo Vallecano,Home,Real Sociedad,'0 - 2,12874,Antonio Matéu
Rayo Vallecano,Home,Almería,'2 - 0,11783,César Soto
Villarreal,Home,Elche,'4 - 0,13915,Miguel Ángel Ortiz Arias
Villarreal,Home,Sevilla,'1 - 1,18292,Alejandro Hernández
Villarreal,Home,Osasuna,'2 - 0,9699,Pablo González
Villarreal,Home,Almería,'2 - 1,13816,Ricardo de Burgos
Villarreal,Home,Mallorca,'0 - 2,16603,Alejandro Muñíz
Villarreal,Home,Valencia,'2 - 1,19247,José Sánchez
Villarreal,Home,Real Madrid,'2 - 1,21088,César Soto
Villarreal,Home,Girona,'1 - 0,15129,Carlos del Cerro
Villarreal,Home,Rayo Vallecano,'0 - 1,14378,Juan Pulido
Betis,Home,Elche,'3 - 0,50622,Guillermo Cuadra
Betis,Home,Osasuna,'1 - 0,52580,Juan Martínez
Betis,Home,Villarreal,'1 - 0,53276,Ricardo de Burgos
Betis,Home,Girona,'2 - 1,52229,Miguel Ángel Ortiz Arias
Betis,Home,Almería,'3 - 1,46112,Alejandro Muñíz
Betis,Home,Atlético Madrid,'1 - 2,50179,Jesús Gil
Betis,Home,Sevilla,'1 - 1,54034,José Sánchez
Betis,Home,Athletic Club,'0 - 0,53565,Alejandro Hernández
Betis,Home,Barcelona,'1 - 2,48181,Ricardo de Burgos
Betis,Home,Celta Vigo,'3 - 4,46595,Carlos del Cerro
Athletic Club,Home,Mallorca,'0 - 0,39747,Javier Villanueva
Athletic Club,Home,Valencia,'1 - 0,43333,César Soto
Athletic Club,Home,Espanyol,'0 - 1,41574,Juan Martínez
Athletic Club,Home,Rayo Vallecano,'3 - 2,43484,Antonio Matéu Lahoz
Athletic Club,Home,Almería,'4 - 0,42110,Juan Pulido
Athletic Club,Home,Atlético Madrid,'0 - 1,48391,Jorge Figueroa
Athletic Club,Home,Villarreal,'1 - 0,46081,Miguel Ángel Ortiz Arias
Athletic Club,Home,Valladolid,'3 - 0,40072,Isidro Díaz de Mera
Athletic Club,Home,Osasuna,'0 - 0,39216,Mario Melero
Athletic Club,Home,Real Madrid,'0 - 2,49316,José Sánchez
Athletic Club,Home,Cádiz,'4 - 1,42916,Valentín Pizarro
Osasuna,Home,Sevilla,'2 - 1,18536,Carlos del Cerro
Osasuna,Home,Cádiz,'2 - 0,18587,Antonio Matéu Lahoz
Osasuna,Home,Rayo Vallecano,'2 - 1,18745,Alejandro Muñíz
Osasuna,Home,Getafe,'0 - 2,18255,Isidro Díaz de Mera
Osasuna,Home,Valencia,'1 - 2,20260,Miguel Ángel Ortiz Arias
Osasuna,Home,Espanyol,'1 - 0,17832,Mario Melero
Osasuna,Home,Valladolid,'2 - 0,19429,Guillermo Cuadra
Osasuna,Home,Barcelona,'1 - 2,21603,Jesús Gil
Osasuna,Home,Mallorca,'1 - 0,19887,César Soto
Osasuna,Home,Atlético Madrid,'0 - 1,20902,Alberola Rojas
Mallorca,Home,Betis,'1 - 2,15579,Pablo González
Mallorca,Home,Girona,'1 - 1,13390,Isidro Díaz de Mera
Mallorca,Home,Almería,'1 - 0,12687,Juan Martínez
Mallorca,Home,Barcelona,'0 - 1,18103,Jesús Gil
Mallorca,Home,Sevilla,'0 - 1,15300,Javier Villanueva
Mallorca,Home,Espanyol,'1 - 1,13982,Isidro Díaz de Mera
Mallorca,Home,Atlético Madrid,'1 - 0,14475,Mario Melero
Mallorca,Home,Valladolid,'1 - 0,14129,Valentín Pizarro
Mallorca,Home,Celta Vigo,'1 - 0,12253,Juan Pulido
Mallorca,Home,Real Madrid,'1 - 0,18258,Alejandro Hernández
Girona,Home,Getafe,'3 - 1,10460,Alejandro Muñíz
Girona,Home,Celta Vigo,'0 - 1,11329,Carlos del Cerro
Girona,Home,Valladolid,'2 - 1,10053,César Soto
Girona,Home,Real Sociedad,'3 - 5,12217,Mario Melero
Girona,Home,Cádiz,'1 - 1,9927,Ricardo de Burgos
Girona,Home,Osasuna,'1 - 1,10032,Juan Pulido
Girona,Home,Athletic Club,'2 - 1,11420,Valentín Pizarro
Girona,Home,Rayo Vallecano,'2 - 2,11451,Jorge Figueroa
Girona,Home,Sevilla,'2 - 1,12035,Valentín Pizarro
Girona,Home,Barcelona,'0 - 1,13402,Alejandro Muñíz
Girona,Home,Valencia,'1 - 0,10732,Javier Villanueva
Celta Vigo,Home,Espanyol,'2 - 2,13859,Miguel Ángel Ortiz Arias
Celta Vigo,Home,Real Madrid,'1 - 4,15681,Jesús Gil
Celta Vigo,Home,Cádiz,'3 - 0,14510,Juan Pulido
Celta Vigo,Home,Betis,'1 - 0,14344,César Soto
Celta Vigo,Home,Real Sociedad,'1 - 2,13101,Guillermo Cuadra
Celta Vigo,Home,Getafe,'1 - 1,9774,Pablo González
Celta Vigo,Home,Osasuna,'1 - 2,14209,Jorge Figueroa
Celta Vigo,Home,Sevilla,'1 - 1,13653,Ricardo de Burgos
Celta Vigo,Home,Villarreal,'1 - 1,13931,Alberola Rojas
Celta Vigo,Home,Athletic Club,'1 - 0,14754,Isidro Díaz de Mera
Valladolid,Home,Villarreal,'0 - 3,17543,Mario Melero
Valladolid,Home,Almería,'1 - 0,20260,Pablo González
Valladolid,Home,Cádiz,'0 - 1,20295,José Sánchez
Valladolid,Home,Betis,'0 - 0,22561,Carlos del Cerro
Valladolid,Home,Celta Vigo,'4 - 1,16547,Valentín Pizarro
Valladolid,Home,Real Sociedad,'1 - 0,21175,Jorge Figueroa
Valladolid,Home,Elche,'2 - 1,20176,Ricardo de Burgos
Valladolid,Home,Real Madrid,'0 - 2,25950,José Luis Munuera
Valladolid,Home,Rayo Vallecano,'0 - 1,19969,Mario Melero
Valladolid,Home,Valencia,'1 - 0,19675,Jorge Figueroa
AlmerÃ­a,Home,Real Madrid,'1 - 2,14386,Juan Martínez
AlmerÃ­a,Home,Sevilla,'2 - 1,13788,Jesús Gil
AlmerÃ­a,Home,Osasuna,'0 - 1,12397,Javier Villanueva
AlmerÃ­a,Home,Rayo Vallecano,'3 - 1,10783,Pablo González
AlmerÃ­a,Home,Girona,'3 - 2,11194,Guillermo Cuadra
AlmerÃ­a,Home,Celta Vigo,'3 - 1,11080,Carlos del Cerro
AlmerÃ­a,Home,Getafe,'1 - 0,11454,Alejandro Muñíz
AlmerÃ­a,Home,Real Sociedad,'0 - 2,12020,Alberola Rojas
AlmerÃ­a,Home,Atlético Madrid,'1 - 1,14128,José Sánchez
AlmerÃ­a,Home,Espanyol,'3 - 1,11629,Javier Villanueva
Espanyol,Home,Rayo Vallecano,'0 - 2,16071,Jorge Figueroa
Espanyol,Home,Real Madrid,'1 - 3,25778,Mario Melero
Espanyol,Home,Sevilla,'2 - 3,20135,Guillermo Cuadra
Espanyol,Home,Valencia,'2 - 2,19766,Valentín Pizarro
Espanyol,Home,Valladolid,'1 - 0,17770,Antonio Matéu Lahoz
Espanyol,Home,Elche,'2 - 2,17560,José Luis Munuera
Espanyol,Home,Villarreal,'0 - 1,17400,Javier Villanueva
Espanyol,Home,Girona,'2 - 2,21429,Carlos del Cerro
Espanyol,Home,Betis,'1 - 0,20811,Pablo González
Espanyol,Home,Osasuna,'1 - 1,22438,Jesús Gil
Sevilla,Home,Valladolid,'1 - 1,33991,Juan Pulido
Sevilla,Home,Barcelona,'0 - 3,40233,Antonio Matéu Lahoz
Sevilla,Home,Atlético Madrid,'0 - 2,37754,Ricardo de Burgos
Sevilla,Home,Athletic Club,'1 - 1,36502,Jesús Gil
Sevilla,Home,Valencia,'1 - 1,37353,César Soto
Sevilla,Home,Rayo Vallecano,'0 - 1,36601,Antonio Matéu Lahoz
Sevilla,Home,Real Sociedad,'1 - 2,34814,Carlos del Cerro
Sevilla,Home,Getafe,'2 - 1,35389,Juan Martínez
Sevilla,Home,Cádiz,'1 - 0,37400,Alejandro Hernández
Sevilla,Home,Elche,'3 - 0,35567,César Soto
Valencia,Home,Girona,'1 - 0,39359,Jorge Figueroa
Valencia,Home,Atlético Madrid,'0 - 1,43910,Guillermo Cuadra
Valencia,Home,Getafe,'5 - 1,38725,José Luis Munuera
Valencia,Home,Celta Vigo,'3 - 0,40965,Pablo González
Valencia,Home,Elche,'2 - 2,41805,Juan Pulido
Valencia,Home,Mallorca,'1 - 2,41199,José Sánchez
Valencia,Home,Barcelona,'0 - 1,46007,Ricardo de Burgos
Valencia,Home,Betis,'3 - 0,39876,Miguel Ángel Ortiz Arias
Valencia,Home,Cádiz,'0 - 1,39003,Pablo González
Valencia,Home,Almería,'2 - 2,33442,Jesús Gil
CÃ¡diz,Home,Real Sociedad,'0 - 1,16570,Isidro Díaz de Mera
CÃ¡diz,Home,Athletic Club,'0 - 4,17029,Miguel Ángel Ortiz Arias
CÃ¡diz,Home,Barcelona,'0 - 4,19530,Carlos del Cerro
CÃ¡diz,Home,Villarreal,'0 - 0,15516,Javier Villanueva
CÃ¡diz,Home,Espanyol,'2 - 2,16572,Alejandro Hernández
CÃ¡diz,Home,Betis,'0 - 0,18505,Antonio Matéu Lahoz
CÃ¡diz,Home,Atlético Madrid,'3 - 2,18183,José Sánchez
CÃ¡diz,Home,Almería,'1 - 1,17345,Juan Martínez
CÃ¡diz,Home,Elche,'1 - 1,17389,Carlos del Cerro
CÃ¡diz,Home,Mallorca,'2 - 0,16117,Ricardo de Burgos
Getafe,Home,Atlético Madrid,'0 - 3,12235,José Sánchez
Getafe,Home,Villarreal,'0 - 0,9815,Jorge Figueroa
Getafe,Home,Real Sociedad,'2 - 1,11112,Juan Pulido
Getafe,Home,Valladolid,'2 - 3,10958,Alejandro Muñíz
Getafe,Home,Real Madrid,'0 - 1,14502,Antonio Matéu Lahoz
Getafe,Home,Athletic Club,'2 - 2,11395,José Luis Munuera
Getafe,Home,Cádiz,'0 - 0,10554,Alejandro Hernández
Getafe,Home,Mallorca,'2 - 0,9755,Alberola Rojas
Getafe,Home,Espanyol,'1 - 2,10286,Jorge Figueroa
Getafe,Home,Betis,'0 - 1,11851,Guillermo Cuadra
Elche,Home,Almería,'1 - 1,23361,Isidro Díaz de Mera
Elche,Home,Real Sociedad,'0 - 1,22656,Javier Villanueva
Elche,Home,Athletic Club,'1 - 4,24176,Mario Melero
Elche,Home,Mallorca,'1 - 1,12000,Valentín Pizarro
Elche,Home,Real Madrid,'0 - 3,30236,Jesús Gil
Elche,Home,Getafe,'0 - 1,19588,César Soto
Elche,Home,Girona,'1 - 2,17339,Pablo González
Elche,Home,Celta Vigo,'0 - 1,20121,Miguel Ángel Ortiz Arias
Elche,Home,Osasuna,'1 - 1,17589,Alejandro Muñíz
Elche,Home,Villarreal,'3 - 1,18421,José Luis Munuera
Paris S-G,Home,Montpellier,'5 - 2,46000,Willy Delajod
Paris S-G,Home,Monaco,'1 - 1,46000,Benoît Bastien
Paris S-G,Home,Brest,'1 - 0,45000,Jérémie Pignard
Paris S-G,Home,Nice,'2 - 1,47000,Jérôme Brisard
Paris S-G,Home,Marseille,'1 - 0,47000,Clément Turpin
Paris S-G,Home,Troyes,'4 - 3,47000,Eric Wattellier
Paris S-G,Home,Auxerre,'5 - 0,45000,Thomas Léonard
Paris S-G,Home,Strasbourg,'2 - 1,47000,Clément Turpin
Paris S-G,Home,Angers,'2 - 0,47000,Eric Wattellier
Paris S-G,Home,Reims,'1 - 1,46000,Ruddy Buquet
Paris S-G,Home,Toulouse,'2 - 1,45000,Bastien Dechepy
Marseille,Home,Reims,'4 - 1,62738,Jérôme Brisard
Marseille,Home,Nantes,'2 - 1,63147,Jérémie Pignard
Marseille,Home,Clermont Foot,'1 - 0,62763,Eric Wattellier
Marseille,Home,Lille,'2 - 1,62985,Benoît Millot
Marseille,Home,Rennes,'1 - 1,62753,Benoît Bastien
Marseille,Home,Ajaccio,'1 - 2,63312,Willy Delajod
Marseille,Home,Lens,'0 - 1,56414,Benoît Millot
Marseille,Home,Lyon,'1 - 0,62975,François Letexier
Marseille,Home,Toulouse,'6 - 1,61371,Jérémie Pignard
Marseille,Home,Lorient,'3 - 1,62276,Bastien Dechepy
Marseille,Home,Monaco,'1 - 1,64502,Jérémie Pignard
Marseille,Home,Nice,'1 - 3,65234,Clément Turpin
Lens,Home,Brest,'3 - 2,37015,Thomas Léonard
Lens,Home,Rennes,'2 - 1,37848,Jérôme Brisard
Lens,Home,Lorient,'5 - 2,37161,Benoît Bastien
Lens,Home,Troyes,'1 - 0,37344,Hakim Ben El Hadj Salem
Lens,Home,Lyon,'1 - 0,36674,Benoît Bastien
Lens,Home,Montpellier,'1 - 0,37320,Hakim Ben El Hadj Salem
Lens,Home,Toulouse,'3 - 0,37488,Florent Batta
Lens,Home,Clermont Foot,'2 - 1,37519,Hakim Ben El Hadj Salem
Lens,Home,Paris S-G,'3 - 1,38047,Jérôme Brisard
Lens,Home,Auxerre,'1 - 0,38208,Willy Delajod
Lens,Home,Nice,'0 - 1,37437,Thomas Léonard
Monaco,Home,Rennes,'1 - 1,8000,Jérémie Pignard
Monaco,Home,Lens,'1 - 4,8700,Willy Delajod
Monaco,Home,Troyes,'2 - 4,4045,Ruddy Buquet
Monaco,Home,Lyon,'2 - 1,7000,Clément Turpin
Monaco,Home,Nantes,'4 - 1,5202,Thomas Léonard
Monaco,Home,Clermont Foot,'1 - 1,4731,Ruddy Buquet
Monaco,Home,Angers,'2 - 0,7069,Stéphanie Frappart
Monaco,Home,Marseille,'2 - 3,10631,Benoît Bastien
Monaco,Home,Brest,'1 - 0,6150,Jeremy Stinat
Monaco,Home,Ajaccio,'7 - 1,8000,Ruddy Buquet
Monaco,Home,Auxerre,'3 - 2,3561,Eric Wattellier
Rennes,Home,Lorient,'0 - 1,28177,Bastien Dechepy
Rennes,Home,Ajaccio,'2 - 1,27592,Hakim Ben El Hadj Salem
Rennes,Home,Brest,'3 - 1,27392,Benoît Millot
Rennes,Home,Auxerre,'5 - 0,27837,Thomas Léonard
Rennes,Home,Nantes,'3 - 0,27844,Florent Batta
Rennes,Home,Lyon,'3 - 2,28152,Stéphanie Frappart
Rennes,Home,Montpellier,'3 - 0,26617,Bastien Dechepy
Rennes,Home,Toulouse,'2 - 1,26835,Willy Delajod
Rennes,Home,Nice,'2 - 1,27427,Thomas Léonard
Rennes,Home,Paris S-G,'1 - 0,27566,Benoît Bastien
Rennes,Home,Strasbourg,'3 - 0,26176,Marc Bollengier
Rennes,Home,Lille,'1 - 3,28082,Florent Batta
Lille,Home,Auxerre,'4 - 1,32292,Eric Wattellier
Lille,Home,Paris S-G,'1 - 7,47526,Clément Turpin
Lille,Home,Nice,'1 - 2,30254,Jeremy Stinat
Lille,Home,Toulouse,'2 - 1,33635,Pierre Gaillouste
Lille,Home,Lens,'1 - 0,48527,François Letexier
Lille,Home,Monaco,'4 - 3,35362,Willy Delajod
Lille,Home,Rennes,'1 - 1,35539,Johan Hamel
Lille,Home,Angers,'1 - 0,36360,Miguel Nogueira
Lille,Home,Reims,'1 - 1,31086,Eric Wattellier
Lille,Home,Troyes,'5 - 1,31254,Pierre Gaillouste
Lille,Home,Clermont Foot,'0 - 0,32498,Jeremy Stinat
Lorient,Home,Clermont Foot,'2 - 1,10591,Willy Delajod
Lorient,Home,Lyon,'3 - 1,13685,Bastien Dechepy
Lorient,Home,Nantes,'3 - 2,15081,Johan Hamel
Lorient,Home,Lille,'2 - 1,14916,Hakim Ben El Hadj Salem
Lorient,Home,Reims,'0 - 0,15776,Mathieu Vernice
Lorient,Home,Nice,'1 - 2,16034,Clément Turpin
Lorient,Home,Paris S-G,'1 - 2,16778,Benoît Bastien
Lorient,Home,Montpellier,'0 - 2,15963,Willy Delajod
Lorient,Home,Monaco,'2 - 2,14521,Jérôme Brisard
Lorient,Home,Rennes,'2 - 1,16782,Benoît Millot
Lorient,Home,Angers,'0 - 0,12705,Willy Delajod
Nice,Home,Strasbourg,'1 - 1,24707,Hakim Ben El Hadj Salem
Nice,Home,Marseille,'0 - 3,31418,François Letexier
Nice,Home,Monaco,'0 - 1,24125,Benoît Millot
Nice,Home,Angers,'0 - 1,18545,Bastien Dechepy
Nice,Home,Troyes,'3 - 2,18053,Johan Hamel
Nice,Home,Nantes,'1 - 1,20166,François Letexier
Nice,Home,Brest,'1 - 0,19035,Jeremy Stinat
Nice,Home,Lens,'0 - 0,24672,Benoît Millot
Nice,Home,Montpellier,'6 - 1,17500,Bastien Dechepy
Nice,Home,Lille,'1 - 0,22126,Eric Wattellier
Lyon,Home,Ajaccio,'2 - 1,48516,Benoît Bastien
Lyon,Home,Troyes,'4 - 1,43000,Eric Wattellier
Lyon,Home,Auxerre,'2 - 1,38609,Pierre Gaillouste
Lyon,Home,Angers,'5 - 0,39586,Thomas Léonard
Lyon,Home,Paris S-G,'0 - 1,58230,François Letexier
Lyon,Home,Toulouse,'1 - 1,41295,Ruddy Buquet
Lyon,Home,Lille,'1 - 0,55790,Jérôme Brisard
Lyon,Home,Nice,'1 - 1,57000,Eric Wattellier
Lyon,Home,Clermont Foot,'0 - 1,30000,Stéphanie Frappart
Lyon,Home,Strasbourg,'1 - 2,38473,Jeremy Stinat
Lyon,Home,Brest,'0 - 0,30837,Ruddy Buquet
Reims,Home,Clermont Foot,'2 - 4,9456,Johan Hamel
Reims,Home,Lyon,'1 - 1,14930,Jeremy Stinat
Reims,Home,Lens,'1 - 1,15761,Eric Wattellier
Reims,Home,Monaco,'0 - 3,10000,Marc Bollengier
Reims,Home,Paris S-G,'0 - 0,20543,Pierre Gaillouste
Reims,Home,Auxerre,'2 - 1,11411,Hakim Ben El Hadj Salem
Reims,Home,Nantes,'1 - 0,11477,Ruddy Buquet
Reims,Home,Rennes,'3 - 1,13262,Hakim Ben El Hadj Salem
Reims,Home,Nice,'0 - 0,11383,François Letexier
Reims,Home,Lorient,'4 - 2,10746,Florent Batta
Clermont Foot,Home,Paris S-G,'0 - 5,12203,Jeremy Stinat
Clermont Foot,Home,Nice,'1 - 0,11500,Thomas Léonard
Clermont Foot,Home,Toulouse,'2 - 0,10085,François Letexier
Clermont Foot,Home,Troyes,'1 - 3,10753,Jérôme Brisard
Clermont Foot,Home,Auxerre,'2 - 1,11119,Mathieu Vernice
Clermont Foot,Home,Brest,'1 - 3,7275,Jérémie Pignard
Clermont Foot,Home,Montpellier,'1 - 1,10990,Marc Bollengier
Clermont Foot,Home,Lille,'0 - 2,13122,François Letexier
Clermont Foot,Home,Rennes,'2 - 1,10648,Clément Turpin
Clermont Foot,Home,Nantes,'0 - 0,11015,Florent Batta
Clermont Foot,Home,Monaco,'0 - 2,11598,Marc Bollengier
Toulouse,Home,Nice,'1 - 1,20567,Johan Hamel
Toulouse,Home,Lorient,'2 - 2,23862,Gustavo Correia
Toulouse,Home,Paris S-G,'0 - 3,31700,Hakim Ben El Hadj Salem
Toulouse,Home,Reims,'1 - 0,21315,Stéphanie Frappart
Toulouse,Home,Montpellier,'4 - 2,21820,Jérémie Pignard
Toulouse,Home,Angers,'3 - 2,21141,Benoît Bastien
Toulouse,Home,Strasbourg,'2 - 2,21622,Jeremy Stinat
Toulouse,Home,Monaco,'0 - 2,23005,Benoît Millot
Toulouse,Home,Ajaccio,'2 - 0,25957,Pierre Gaillouste
Toulouse,Home,Brest,'1 - 1,20637,Benoît Millot
Toulouse,Home,Troyes,'4 - 1,17725,Mathieu Vernice
Nantes,Home,Lille,'1 - 1,30689,Bastien Dechepy
Nantes,Home,Toulouse,'3 - 1,26574,Mathieu Vernice
Nantes,Home,Paris S-G,'0 - 3,34406,Pierre Gaillouste
Nantes,Home,Lens,'0 - 0,28854,Willy Delajod
Nantes,Home,Brest,'4 - 1,25759,Marc Bollengier
Nantes,Home,Clermont Foot,'1 - 1,30894,Benoît Bastien
Nantes,Home,Ajaccio,'2 - 2,29407,Jérémie Pignard
Nantes,Home,Auxerre,'1 - 0,23266,Benoît Bastien
Nantes,Home,Lyon,'0 - 0,27657,Marc Bollengier
Nantes,Home,Marseille,'0 - 2,34125,Willy Delajod
Brest,Home,Marseille,'1 - 1,13709,Jeremy Stinat
Brest,Home,Montpellier,'0 - 7,11546,Marc Bollengier
Brest,Home,Strasbourg,'1 - 1,11003,Bastien Dechepy
Brest,Home,Ajaccio,'0 - 1,11153,Stéphanie Frappart
Brest,Home,Lorient,'1 - 2,9819,Bastien Dechepy
Brest,Home,Reims,'0 - 0,11008,Willy Delajod
Brest,Home,Troyes,'2 - 1,10642,Ruddy Buquet
Brest,Home,Lyon,'2 - 4,14601,Bastien Dechepy
Brest,Home,Lille,'0 - 0,11452,Mathieu Vernice
Brest,Home,Angers,'4 - 0,12629,Marc Bollengier
Brest,Home,Lens,'1 - 1,11639,Benoît Bastien
Montpellier,Home,Troyes,'3 - 2,12003,Pierre Gaillouste
Montpellier,Home,Auxerre,'1 - 2,13137,Mathieu Vernice
Montpellier,Home,Ajaccio,'2 - 0,10051,Bastien Dechepy
Montpellier,Home,Lille,'1 - 3,12215,Jérôme Brisard
Montpellier,Home,Strasbourg,'2 - 1,10780,Jeremy Stinat
Montpellier,Home,Monaco,'0 - 2,13048,Benoît Millot
Montpellier,Home,Lyon,'1 - 2,15339,Thomas Léonard
Montpellier,Home,Reims,'1 - 1,11778,Florent Batta
Montpellier,Home,Marseille,'1 - 2,18971,Ruddy Buquet
Montpellier,Home,Nantes,'0 - 3,10947,Thomas Léonard
Montpellier,Home,Paris S-G,'1 - 3,17454,Jérémie Pignard
Troyes,Home,Toulouse,'0 - 3,6000,Marc Bollengier
Troyes,Home,Angers,'3 - 1,6673,Stéphanie Frappart
Troyes,Home,Rennes,'1 - 1,8000,Mathieu Vernice
Troyes,Home,Reims,'2 - 2,10164,Benoît Millot
Troyes,Home,Ajaccio,'1 - 1,7731,Jérôme Brisard
Troyes,Home,Lorient,'2 - 2,10000,Marc Bollengier
Troyes,Home,Auxerre,'1 - 1,12689,Pierre Gaillouste
Troyes,Home,Nantes,'0 - 0,9043,Stéphanie Frappart
Troyes,Home,Marseille,'0 - 2,14222,Hakim Ben El Hadj Salem
Troyes,Home,Lens,'1 - 1,13500,Clément Turpin
Troyes,Home,Lyon,'1 - 3,10240,François Letexier
Strasbourg,Home,Monaco,'1 - 2,25359,François Letexier
Strasbourg,Home,Reims,'1 - 1,25175,Ruddy Buquet
Strasbourg,Home,Nantes,'1 - 1,25162,Clément Turpin
Strasbourg,Home,Clermont Foot,'0 - 0,25089,Marc Bollengier
Strasbourg,Home,Rennes,'1 - 3,25226,Eric Wattellier
Strasbourg,Home,Lille,'0 - 3,25313,Jérémie Pignard
Strasbourg,Home,Marseille,'2 - 2,25687,Ruddy Buquet
Strasbourg,Home,Lorient,'1 - 1,25117,Pierre Gaillouste
Strasbourg,Home,Troyes,'2 - 3,25135,Benoît Millot
Strasbourg,Home,Lens,'2 - 2,25624,François Letexier
Strasbourg,Home,Toulouse,'1 - 2,25196,Willy Delajod
Strasbourg,Home,Montpellier,'2 - 0,25028,Stéphanie Frappart
Ajaccio,Home,Lens,'0 - 0,9070,Stéphanie Frappart
Ajaccio,Home,Lille,'1 - 3,9070,Thomas Léonard
Ajaccio,Home,Lorient,'0 - 1,7000,Jeremy Stinat
Ajaccio,Home,Nice,'0 - 1,7068,Eric Wattellier
Ajaccio,Home,Clermont Foot,'1 - 3,6610,Clément Turpin
Ajaccio,Home,Paris S-G,'0 - 3,10000,Johan Hamel
Ajaccio,Home,Strasbourg,'4 - 2,7203,Mathieu Vernice
Ajaccio,Home,Angers,'1 - 0,7088,Jeremy Stinat
Ajaccio,Home,Reims,'0 - 1,6648,Willy Delajod
Ajaccio,Home,Lyon,'0 - 2,6788,Thomas Léonard
Ajaccio,Home,Nantes,'0 - 2,6908,Ruddy Buquet
Auxerre,Home,Angers,'2 - 2,15577,Ruddy Buquet
Auxerre,Home,Strasbourg,'1 - 0,16059,Johan Hamel
Auxerre,Home,Marseille,'0 - 2,17025,Willy Delajod
Auxerre,Home,Lorient,'1 - 3,14866,Ruddy Buquet
Auxerre,Home,Brest,'1 - 1,14630,Florent Batta
Auxerre,Home,Nice,'1 - 1,14125,Eric Wattellier
Auxerre,Home,Ajaccio,'1 - 0,15092,Benoît Millot
Auxerre,Home,Monaco,'2 - 3,16503,Marc Bollengier
Auxerre,Home,Toulouse,'0 - 5,12405,Florent Batta
Auxerre,Home,Montpellier,'0 - 2,14206,Jeremy Stinat
Auxerre,Home,Reims,'0 - 0,14680,Pierre Gaillouste
Angers,Home,Nantes,'0 - 0,12000,Hakim Ben El Hadj Salem
Angers,Home,Brest,'1 - 3,8735,Jérôme Brisard
Angers,Home,Reims,'2 - 4,6500,Jérémie Pignard
Angers,Home,Montpellier,'2 - 1,6165,François Letexier
Angers,Home,Marseille,'0 - 3,19000,Johan Hamel
Angers,Home,Strasbourg,'2 - 3,8000,Clément Turpin
Angers,Home,Rennes,'1 - 2,11500,Pierre Gaillouste
Angers,Home,Lens,'1 - 2,11585,Thomas Léonard
Angers,Home,Lorient,'1 - 2,6000,Florent Batta
Angers,Home,Clermont Foot,'1 - 2,12160,Mathieu Vernice
Angers,Home,Ajaccio,'1 - 2,7255,Bastien Dechepy
Bayern Munich,Home,Wolfsburg,'2 - 0,75000,Harm Osmers
Bayern Munich,Home,M'Gladbach,'1 - 1,75000,Daniel Schlager
Bayern Munich,Home,Stuttgart,'2 - 2,75000,Christian Dingert
Bayern Munich,Home,Leverkusen,'4 - 0,75000,Tobias Stieler
Bayern Munich,Home,Freiburg,'5 - 0,75000,Sascha Stegemann
Bayern Munich,Home,Mainz 05,'6 - 2,75000,Felix Zwayer
Bayern Munich,Home,Werder Bremen,'6 - 1,75000,Robert Hartmann
Bayern Munich,Home,Köln,'1 - 1,75000,Tobias Stieler
Bayern Munich,Home,Eint Frankfurt,'1 - 1,75000,Sven Jablonski
Union Berlin,Home,Hertha BSC,'3 - 1,22012,Marco Fritz
Union Berlin,Home,RB Leipzig,'2 - 1,21056,Deniz Aytekin
Union Berlin,Home,Bayern Munich,'1 - 1,22012,Frank Willenborg
Union Berlin,Home,Wolfsburg,'2 - 0,22012,Robert Schröder
Union Berlin,Home,Dortmund,'2 - 0,22012,Tobias Stieler
Union Berlin,Home,M'Gladbach,'2 - 1,22012,Harm Osmers
Union Berlin,Home,Augsburg,'2 - 2,22012,Sascha Stegemann
Union Berlin,Home,Hoffenheim,'3 - 1,21747,Robert Hartmann
Union Berlin,Home,Mainz 05,'2 - 1,22012,Florian Badstübner
Dortmund,Home,Leverkusen,'1 - 0,81365,Felix Brych
Dortmund,Home,Werder Bremen,'2 - 3,81365,Florian Badstübner
Dortmund,Home,Hoffenheim,'1 - 0,79300,Daniel Siebert
Dortmund,Home,Schalke 04,'1 - 0,81100,Felix Brych
Dortmund,Home,Bayern Munich,'2 - 2,81365,Deniz Aytekin
Dortmund,Home,Stuttgart,'5 - 0,81365,Daniel Schlager
Dortmund,Home,Bochum,'3 - 0,81365,Tobias Stieler
Dortmund,Home,Augsburg,'4 - 3,81365,Frank Willenborg
Dortmund,Home,Freiburg,'5 - 1,81365,Robert Schröder
RB Leipzig,Home,Köln,'2 - 2,49579,Benjamin Brand
RB Leipzig,Home,Wolfsburg,'2 - 0,41243,Bastian Dankert
RB Leipzig,Home,Dortmund,'3 - 0,47069,Sven Jablonski
RB Leipzig,Home,Bochum,'4 - 0,44403,Florian Badstübner
RB Leipzig,Home,Hertha BSC,'3 - 2,47069,Harm Osmers
RB Leipzig,Home,Leverkusen,'2 - 0,45598,Sven Jablonski
RB Leipzig,Home,Freiburg,'3 - 1,41240,Harm Osmers
RB Leipzig,Home,Bayern Munich,'1 - 1,47069,Daniel Siebert
RB Leipzig,Home,Stuttgart,'2 - 1,46158,Felix Zwayer
Eint Frankfurt,Home,Bayern Munich,'1 - 6,51500,Deniz Aytekin
Eint Frankfurt,Home,Köln,'1 - 1,50800,Martin Petersen
Eint Frankfurt,Home,RB Leipzig,'4 - 0,49700,Felix Brych
Eint Frankfurt,Home,Wolfsburg,'0 - 1,49000,Tobias Reichel
Eint Frankfurt,Home,Union Berlin,'2 - 0,50500,Sascha Stegemann
Eint Frankfurt,Home,Leverkusen,'5 - 1,49700,Frank Willenborg
Eint Frankfurt,Home,Dortmund,'1 - 2,50000,Sascha Stegemann
Eint Frankfurt,Home,Hoffenheim,'4 - 2,49000,Felix Zwayer
Eint Frankfurt,Home,Schalke 04,'3 - 0,50000,Marco Fritz
Eint Frankfurt,Home,Hertha BSC,'3 - 0,49500,Robert Hartmann
Freiburg,Home,Dortmund,'1 - 3,34700,Tobias Welz
Freiburg,Home,Bochum,'1 - 0,32800,Marco Fritz
Freiburg,Home,M'Gladbach,'0 - 0,34700,Tobias Stieler
Freiburg,Home,Mainz 05,'2 - 1,34700,Sven Jablonski
Freiburg,Home,Werder Bremen,'2 - 0,34700,Bastian Dankert
Freiburg,Home,Köln,'2 - 0,33800,Florian Badstübner
Freiburg,Home,Union Berlin,'4 - 1,33800,Deniz Aytekin
Freiburg,Home,Eint Frankfurt,'1 - 1,34700,Deniz Aytekin
Freiburg,Home,Augsburg,'3 - 1,33500,Christian Dingert
Wolfsburg,Home,Werder Bremen,'2 - 2,28015,Sascha Stegemann
Wolfsburg,Home,Schalke 04,'0 - 0,26959,Felix Zwayer
Wolfsburg,Home,Köln,'2 - 4,25654,Matthias Jöllenbeck
Wolfsburg,Home,Stuttgart,'3 - 2,24125,Felix Zwayer
Wolfsburg,Home,M'Gladbach,'2 - 2,26701,Benjamin Cortus
Wolfsburg,Home,Bochum,'4 - 0,24037,Robert Hartmann
Wolfsburg,Home,Dortmund,'2 - 0,28675,Christian Dingert
Wolfsburg,Home,Freiburg,'6 - 0,25849,Felix Zwayer
Wolfsburg,Home,Bayern Munich,'2 - 4,30000,Harm Osmers
Werder Bremen,Home,Stuttgart,'2 - 2,41000,Robert Hartmann
Werder Bremen,Home,Eint Frankfurt,'3 - 4,41000,Patrick Ittrich
Werder Bremen,Home,Augsburg,'0 - 1,41000,Martin Petersen
Werder Bremen,Home,M'Gladbach,'5 - 1,42100,Matthias Jöllenbeck
Werder Bremen,Home,Mainz 05,'0 - 2,41000,Robert Hartmann
Werder Bremen,Home,Hertha BSC,'1 - 0,42100,Tobias Reichel
Werder Bremen,Home,Schalke 04,'2 - 1,41000,Felix Brych
Werder Bremen,Home,RB Leipzig,'1 - 2,41500,Matthias Jöllenbeck
Werder Bremen,Home,Union Berlin,'1 - 2,41500,Bastian Dankert
M'Gladbach,Home,Hoffenheim,'3 - 1,49659,Daniel Siebert
M'Gladbach,Home,Hertha BSC,'1 - 0,48411,Matthias Jöllenbeck
M'Gladbach,Home,Mainz 05,'0 - 1,51210,Deniz Aytekin
M'Gladbach,Home,RB Leipzig,'3 - 0,50186,Patrick Ittrich
M'Gladbach,Home,Köln,'5 - 2,54042,Sven Jablonski
M'Gladbach,Home,Eint Frankfurt,'1 - 3,53019,Daniel Siebert
M'Gladbach,Home,Stuttgart,'3 - 1,53178,Matthias Jöllenbeck
M'Gladbach,Home,Dortmund,'4 - 2,54042,Sven Jablonski
M'Gladbach,Home,Leverkusen,'2 - 3,53336,Harm Osmers
M'Gladbach,Home,Schalke 04,'0 - 0,54042,Deniz Aytekin
Leverkusen,Home,Augsburg,'1 - 2,22903,Benjamin Cortus
Leverkusen,Home,Hoffenheim,'0 - 3,26300,Tobias Reichel
Leverkusen,Home,Freiburg,'2 - 3,26853,Sascha Stegemann
Leverkusen,Home,Werder Bremen,'1 - 1,30210,Tobias Welz
Leverkusen,Home,Schalke 04,'4 - 0,30210,Tobias Reichel
Leverkusen,Home,Wolfsburg,'2 - 2,26294,Felix Brych
Leverkusen,Home,Union Berlin,'5 - 0,30210,Robert Schröder
Leverkusen,Home,Stuttgart,'2 - 0,30210,Florian Badstübner
Leverkusen,Home,Bochum,'2 - 0,25820,Timo Gerach
Leverkusen,Home,Dortmund,'0 - 2,30210,Tobias Welz
KÃ¶ln,Home,Schalke 04,'3 - 1,50000,Robert Schröder
KÃ¶ln,Home,Stuttgart,'0 - 0,50000,Harm Osmers
KÃ¶ln,Home,Union Berlin,'0 - 1,49500,Benjamin Cortus
KÃ¶ln,Home,Dortmund,'3 - 2,50000,Harm Osmers
KÃ¶ln,Home,Augsburg,'3 - 2,49000,Felix Zwayer
KÃ¶ln,Home,Hoffenheim,'1 - 1,49000,Frank Willenborg
KÃ¶ln,Home,Leverkusen,'1 - 2,50000,Tobias Stieler
KÃ¶ln,Home,Werder Bremen,'7 - 1,50000,Robert Schröder
Mainz 05,Home,Union Berlin,'0 - 0,25009,Daniel Schlager
Mainz 05,Home,Leverkusen,'0 - 3,28500,Christian Dingert
Mainz 05,Home,Hertha BSC,'1 - 1,25300,Frank Willenborg
Mainz 05,Home,RB Leipzig,'1 - 1,26100,Felix Brych
Mainz 05,Home,Köln,'5 - 0,31610,Matthias Jöllenbeck
Mainz 05,Home,Wolfsburg,'0 - 3,26750,Daniel Siebert
Mainz 05,Home,Eint Frankfurt,'1 - 1,33305,Robert Schröder
Mainz 05,Home,Dortmund,'1 - 2,31500,Sascha Stegemann
Mainz 05,Home,Bochum,'5 - 2,23300,Patrick Ittrich
Augsburg,Home,Freiburg,'0 - 4,25310,Bastian Dankert
Augsburg,Home,Mainz 05,'1 - 2,23755,Sascha Stegemann
Augsburg,Home,Hertha BSC,'0 - 2,25789,Harm Osmers
Augsburg,Home,Bayern Munich,'1 - 0,30660,Marco Fritz
Augsburg,Home,Wolfsburg,'1 - 1,26220,Daniel Siebert
Augsburg,Home,RB Leipzig,'3 - 3,25109,Robert Schröder
Augsburg,Home,Eint Frankfurt,'1 - 2,30087,Deniz Aytekin
Augsburg,Home,Bochum,'0 - 1,28011,Felix Brych
Augsburg,Home,M'Gladbach,'1 - 0,23158,Daniel Schlager
Augsburg,Home,Leverkusen,'1 - 0,27318,Marco Fritz
Hoffenheim,Home,Bochum,'3 - 2,17005,Patrick Ittrich
Hoffenheim,Home,Augsburg,'1 - 0,17206,Tobias Welz
Hoffenheim,Home,Mainz 05,'4 - 1,20114,Daniel Schlager
Hoffenheim,Home,Freiburg,'0 - 0,24233,Deniz Aytekin
Hoffenheim,Home,Werder Bremen,'1 - 2,25410,Benjamin Cortus
Hoffenheim,Home,Bayern Munich,'0 - 2,30150,Sven Jablonski
Hoffenheim,Home,RB Leipzig,'1 - 3,23127,Martin Petersen
Hoffenheim,Home,Wolfsburg,'1 - 2,18014,Daniel Schlager
Hoffenheim,Home,Stuttgart,'2 - 2,23159,Florian Badstübner
Bochum,Home,Mainz 05,'1 - 2,24110,Felix Zwayer
Bochum,Home,Bayern Munich,'0 - 7,26000,Daniel Siebert
Bochum,Home,Werder Bremen,'0 - 2,25800,Robert Schröder
Bochum,Home,Köln,'1 - 1,25800,Bastian Dankert
Bochum,Home,Eint Frankfurt,'3 - 0,24850,Martin Petersen
Bochum,Home,Union Berlin,'2 - 1,25460,Deniz Aytekin
Bochum,Home,M'Gladbach,'2 - 1,25900,Daniel Schlager
Bochum,Home,Hertha BSC,'3 - 1,26000,Martin Petersen
Bochum,Home,Hoffenheim,'5 - 2,23700,Bastian Dankert
Stuttgart,Home,RB Leipzig,'1 - 1,46000,Tobias Stieler
Stuttgart,Home,Freiburg,'0 - 1,47500,Felix Brych
Stuttgart,Home,Schalke 04,'1 - 1,47500,Florian Badstübner
Stuttgart,Home,Eint Frankfurt,'1 - 3,47500,Daniel Siebert
Stuttgart,Home,Union Berlin,'0 - 1,43250,Bastian Dankert
Stuttgart,Home,Bochum,'4 - 1,45400,Christian Dingert
Stuttgart,Home,Augsburg,'2 - 1,46400,Tobias Stieler
Stuttgart,Home,Hertha BSC,'2 - 1,44500,Frank Willenborg
Stuttgart,Home,Mainz 05,'1 - 1,45903,Felix Brych
Stuttgart,Home,Werder Bremen,'0 - 2,47700,Frank Willenborg
Hertha BSC,Home,Eint Frankfurt,'1 - 1,45000,Frank Willenborg
Hertha BSC,Home,Dortmund,'0 - 1,62142,Tobias Stieler
Hertha BSC,Home,Leverkusen,'2 - 2,40643,Benjamin Brand
Hertha BSC,Home,Hoffenheim,'1 - 1,41653,Christian Dingert
Hertha BSC,Home,Freiburg,'2 - 2,40481,Robert Schröder
Hertha BSC,Home,Schalke 04,'2 - 1,60165,Martin Petersen
Hertha BSC,Home,Bayern Munich,'2 - 3,74667,Bastian Dankert
Hertha BSC,Home,Köln,'2 - 0,60827,Christian Dingert
Hertha BSC,Home,Wolfsburg,'0 - 5,29483,Tobias Reichel
Hertha BSC,Home,Union Berlin,'0 - 2,74667,Felix Brych
Schalke 04,Home,M'Gladbach,'2 - 2,62271,Sven Jablonski
Schalke 04,Home,Union Berlin,'1 - 6,62271,Robert Hartmann
Schalke 04,Home,Bochum,'3 - 1,62041,Felix Zwayer
Schalke 04,Home,Augsburg,'2 - 3,60328,Daniel Schlager
Schalke 04,Home,Hoffenheim,'0 - 3,59811,Florian Badstübner
Schalke 04,Home,Freiburg,'0 - 2,61115,Christian Dingert
Schalke 04,Home,Mainz 05,'1 - 0,58256,Tobias Reichel
Schalke 04,Home,Bayern Munich,'0 - 2,62271,Felix Zwayer
Schalke 04,Home,RB Leipzig,'1 - 6,56841,Benjamin Cortus
Schalke 04,Home,Köln,'0 - 0,61571,Matthias Jöllenbeck
