1,Gabriel Dos Santos,BRA,DF,25
2,Aaron Ramsdale,ENG,GK,24
3,William Saliba,FRA,DF,21
4,Bukayo Saka,ENG,FW,21
5,Granit Xhaka,SUI,MF,30
6,Martinelli,BRA,FW,21
7,Ben White,ENG,DF,25
8,Martin Ødegaard,NOR,MF,24
9,Thomas Partey,GHA,MF,29
10,Gabriel Jesus,BRA,FW,25
11,Oleksandr Zinchenko,UKR,DF,26
12,Eddie Nketiah,ENG,FW,23
13,Takehiro Tomiyasu,JPN,DF,24
14,Kieran Tierney,SCO,DF,25
15,Albert Sambi Lokonga,BEL,MF,23
16,Fabio Vieira,POR,"MF,FW",22
17,Mohamed Elneny,EGY,MF,30
18,Reiss Nelson,ENG,FW,23
19,Emile Smith Rowe,ENG,"MF,FW",22
20,Leandro Trossard,BEL,FW,28
21,Jorginho,ITA,MF,31
22,Cédric Soares,POR,DF,31
23,Rob Holding,ENG,DF,27
24,Marquinhos,BRA,MF,19
25,Ethan Nwaneri,ENG,FW,15
26,Nathan Butler-Oyedeji,ENG,FW,20
27,Amario Duberry,ENG,FW,17
28,Karl Jakob Hein,EST,GK,20
29,Jakub Kiwior,POL,"DF,MF",22
30,Nicolas Pépé,CIV,"FW,MF",27
31,Matthew Smith,ENG,MF,22
32,Lino Sousa,ENG,DF,18
33,Matt Turner,USA,GK,28
34,Ederson,BRA,GK,29
35,Rodri,ESP,MF,26
36,Erling Haaland,NOR,FW,22
37,Kevin De Bruyne,BEL,MF,31
38,Bernardo Silva,POR,"MF,FW",28
39,João Cancelo,POR,DF,28
40,Manuel Akanji,SUI,DF,27
41,İlkay Gündoğan,GER,MF,32
42,John Stones,ENG,DF,28
43,Nathan Aké,NED,DF,27
44,Phil Foden,ENG,"FW,DF",22
45,Jack Grealish,ENG,FW,27
46,Riyad Mahrez,ALG,"FW,MF",31
47,Kyle Walker,ENG,DF,32
48,Rúben Dias,POR,DF,25
49,Julián Álvarez,ARG,"FW,MF",23
50,Rico Lewis,ENG,"DF,MF",18
51,Aymeric Laporte,ESP,DF,28
52,Cole Palmer,ENG,"FW,MF",20
53,Sergio Gómez,ESP,"DF,MF",22
54,Kalvin Phillips,ENG,MF,27
55,Scott Carson,ENG,GK,37
56,Liam Delap,ENG,FW,20
57,Claudio Gomes,FRA,MF,22
58,Ben Knight,ENG,MF,20
59,Luke Mbete-Tatu,ENG,DF,19
60,Stefan Ortega,GER,GK,30
61,Máximo Perrone,ARG,MF,20
62,Josh Wilson-Esbrand,ENG,DF,20
63,David de Gea,ESP,GK,32
64,Bruno Fernandes,POR,"MF,FW",28
65,Marcus Rashford,ENG,FW,25
66,Christian Eriksen,DEN,MF,30
67,Lisandro Martínez,ARG,DF,25
68,Luke Shaw,ENG,DF,27
69,Raphaël Varane,FRA,DF,29
70,Casemiro,BRA,MF,30
71,Diogo Dalot,POR,DF,23
72,Antony,BRA,FW,22
73,Jadon Sancho,ENG,FW,22
74,Tyrell Malacia,NED,DF,23
75,Scott McTominay,SCO,MF,26
76,Aaron Wan-Bissaka,ENG,DF,25
77,Fred,BRA,MF,29
78,Anthony Martial,FRA,FW,27
79,Anthony Elanga,SWE,FW,20
80,Cristiano Ronaldo,POR,FW,38
81,Victor Lindelöf,SWE,DF,28
82,Harry Maguire,ENG,DF,29
83,Wout Weghorst,NED,FW,30
84,Alejandro Garnacho,ESP,FW,18
85,Donny van de Beek,NED,MF,25
86,Marcel Sabitzer,AUT,MF,28
87,Rhys Bennett,ENG,DF,19
88,Nathan Bishop,ENG,GK,23
89,Martin Dúbravka,SVK,GK,34
90,James Garner,ENG,MF,21
91,Tom Heaton,ENG,GK,36
92,Zidane Iqbal,IRQ,MF,19
93,Matej Kovar,CZE,GK,22
94,Kobbie Mainoo,ENG,MF,17
95,Facundo Pellistri,URU,MF,21
96,Shola Shoretire,ENG,MF,19
97,Brandon Williams,ENG,DF,22
98,Nick Pope,ENG,GK,30
99,Kieran Trippier,ENG,DF,32
100,Miguel Almirón,PAR,FW,28
101,Fabian Schär,SUI,DF,31
102,Dan Burn,ENG,DF,30
103,Joe Willock,ENG,MF,23
104,Joelinton,BRA,"MF,FW",26
105,Sven Botman,NED,DF,23
106,Sean Longstaff,ENG,MF,25
107,Bruno Guimarães,BRA,MF,25
108,Callum Wilson,ENG,FW,30
109,Allan Saint-Maximin,FRA,FW,25
110,Jacob Murphy,ENG,FW,27
111,Chris Wood,NZL,FW,31
112,Matt Targett,ENG,DF,27
113,Ryan Fraser,SCO,FW,28
114,Alexander Isak,SWE,FW,23
115,Jamaal Lascelles,ENG,DF,29
116,Elliot Anderson,SCO,"FW,MF",20
117,Jonjo Shelvey,ENG,MF,30
118,Anthony Gordon,ENG,FW,21
119,Javier Manquillo,ESP,DF,28
120,Jamal Lewis,NIR,DF,25
121,Matt Ritchie,SCO,FW,33
122,Emil Krafth,SWE,DF,28
123,Karl Darlow,ENG,GK,32
124,Martin Dúbravka,SVK,GK,34
125,Paul Dummett,WAL,DF,31
126,Loris Karius,GER,GK,29
127,Harry Kane,ENG,FW,29
128,Hugo Lloris,FRA,GK,36
129,Pierre Højbjerg,DEN,MF,27
130,Eric Dier,ENG,DF,29
131,Son Heung-min,KOR,"MF,FW",30
132,Rodrigo Bentancur,URU,MF,25
133,Ben Davies,WAL,DF,29
134,Ivan Perišić,CRO,"DF,MF",34
135,Emerson,BRA,DF,24
136,Cristian Romero,ARG,DF,24
137,Dejan Kulusevski,SWE,"MF,FW",22
138,Clément Lenglet,FRA,DF,27
139,Ryan Sessegnon,ENG,DF,22
140,Yves Bissouma,MLI,MF,26
141,Matt Doherty,IRL,"DF,MF",31
142,Davinson Sánchez,COL,DF,26
143,Richarlison,BRA,"MF,FW",25
144,Oliver Skipp,ENG,MF,22
145,Bryan,ESP,"MF,FW",21
146,Pape Matar Sarr,SEN,MF,20
147,Fraser Forster,ENG,GK,34
148,Japhet Tanganga,ENG,DF,23
149,Lucas Moura,BRA,"MF,DF",30
150,Djed Spence,ENG,"FW,DF",22
151,Harvey White,ENG,MF,21
152,Arnaut Danjuma,NED,"FW,MF",26
153,Pedro Porro,ESP,"DF,MF",23
154,Robert Sánchez,ESP,GK,25
155,Lewis Dunk,ENG,DF,31
156,Pascal Groß,GER,"MF,DF",31
157,Solly March,ENG,"FW,DF",28
158,Moisés Caicedo,ECU,MF,21
159,Alexis Mac Allister,ARG,MF,24
160,Leandro Trossard,BEL,"FW,MF",28
161,Joël Veltman,NED,DF,31
162,Pervis Estupiñán,ECU,DF,25
163,Adam Webster,ENG,DF,28
164,Danny Welbeck,ENG,FW,32
165,Adam Lallana,ENG,"MF,FW",34
166,Kaoru Mitoma,JPN,"FW,DF",25
167,Levi Colwill,ENG,DF,19
168,Tariq Lamptey,GHA,DF,22
169,Enock Mwepu,ZAM,"FW,MF",25
170,Evan Ferguson,IRL,FW,18
171,Billy Gilmour,SCO,MF,21
172,Deniz Undav,GER,"FW,MF",26
173,Jeremy Sarmiento,ECU,MF,20
174,Jan Paul van Hecke,NED,DF,22
175,Julio César Enciso,PAR,"FW,MF",19
176,Facundo Buonanotte,ARG,"MF,FW",18
177,Andrew Moran,IRL,FW,19
178,Steven Alzate,COL,MF,24
179,James Furlong,IRL,DF,20
180,Jack Hinshelwood,ENG,MF,17
181,Neal Maupay,FRA,"FW,MF",26
182,Odeluga Offiah,ENG,DF,20
183,Jason Steele,ENG,GK,32
184,Ed Turns,WAL,DF,20
185,David Raya,ESP,GK,27
186,Bryan Mbeumo,CMR,FW,23
187,Mathias Jensen,DEN,MF,27
188,Rico Henry,ENG,DF,25
189,Ben Mee,ENG,DF,33
190,Ivan Toney,ENG,FW,26
191,Vitaly Janelt,GER,"MF,DF",24
192,Ethan Pinnock,JAM,DF,29
193,Josh Dasilva,ENG,MF,24
194,Christian Nørgaard,DEN,MF,28
195,Yoane Wissa,COD,FW,26
196,Mads Roerslev,DEN,DF,23
197,Aaron Hickey,SCO,DF,20
198,Mathias Jørgensen,DEN,DF,32
199,Kristoffer Ajer,NOR,DF,24
200,Pontus Jansson,SWE,DF,31
201,Frank Onyeka,NGA,MF,25
202,Shandon Baptiste,GRN,MF,24
203,Keane Lewis-Potter,ENG,"FW,MF",21
204,Mikkel Damsgaard,DEN,"MF,FW",22
205,Saman Ghoddos,IRN,"MF,FW",29
206,Sergi Canós,ESP,"FW,DF",26
207,Kevin Schade,GER,"FW,MF",21
208,Mads Bech Sørensen,DEN,"DF,MF",24
209,Halil Dervişoğlu,TUR,MF,23
210,Matthew Cox,ENG,GK,19
211,Tristan Crama,FRA,MF,21
212,Charlie Goode,ENG,DF,27
213,Finley Stevens,WAL,DF,19
214,Thomas Strakosha,ALB,GK,27
215,Ryan Trevitt,ENG,MF,19
216,Yehor Yarmoliuk,UKR,MF,18
217,Tim Ream,USA,DF,35
218,Andreas Pereira,BRA,MF,27
219,João Palhinha,POR,MF,27
220,Bobby Reid,JAM,"FW,DF",30
221,Harrison Reed,ENG,MF,28
222,Bernd Leno,GER,GK,30
223,Antonee Robinson,USA,DF,25
224,Aleksandar Mitrović,SRB,FW,28
225,Kenny Tete,NED,DF,27
226,Willian,BRA,FW,34
227,Tosin Adarabioyo,ENG,DF,25
228,Issa Diop,FRA,DF,26
229,Neeskens Kebano,COD,FW,30
230,Carlos Vinícius,BRA,FW,27
231,Daniel James,WAL,FW,25
232,Harry Wilson,WAL,FW,25
233,Marek Rodák,SVK,GK,26
234,Layvin Kurzawa,FRA,DF,30
235,Tom Cairney,SCO,MF,32
236,Kevin Mbabu,SUI,"DF,FW",27
237,Jay Stansfield,ENG,FW,20
238,Nathaniel Chalobah,ENG,MF,28
239,Manor Solomon,ISR,FW,23
240,Josh Onomah,ENG,MF,25
241,Luke Harris,WAL,"MF,FW",17
242,Shane Duffy,IRL,"FW,DF",31
243,Tyrese Francois,AUS,FW,22
244,Terry Ablade,FIN,FW,21
245,Martial Godo,ENG,MF,19
246,Rodrigo Muniz,BRA,FW,21
247,Stefan Parkes,ENG,DF,18
248,Kristian Sekularac,ENG,MF,19
249,Mason Mount,ENG,"MF,FW",24
250,Thiago Silva,BRA,DF,38
251,Kai Havertz,GER,"FW,MF",23
252,Marc Cucurella,ESP,DF,24
253,Jorginho,ITA,MF,31
254,Raheem Sterling,ENG,"FW,MF",28
255,Kepa Arrizabalaga,ESP,GK,28
256,Kalidou Koulibaly,SEN,DF,31
257,Ruben Loftus-Cheek,ENG,"MF,DF",27
258,Trevoh Chalobah,ENG,DF,23
259,César Azpilicueta,ESP,DF,33
260,Conor Gallagher,ENG,"MF,FW",23
261,Edouard Mendy,SEN,GK,30
262,Reece James,ENG,"DF,MF",23
263,Mateo Kovačić,CRO,MF,28
264,Christian Pulisic,USA,"FW,DF",24
265,Hakim Ziyech,MAR,"FW,MF",29
266,Pierre-Emerick Aubameyang,GAB,FW,33
267,Ben Chilwell,ENG,"DF,MF",26
268,Lewis Hall,ENG,"DF,MF",18
269,Denis Zakaria,SUI,MF,26
270,Benoît Badiashile,FRA,DF,21
271,Armando Broja,ALB,FW,21
272,Wesley Fofana,FRA,DF,22
273,N'Golo Kanté,FRA,MF,31
274,Carney Chukwuemeka,ENG,"MF,FW",19
275,Enzo Fernández,ARG,MF,22
276,Mykhailo Mudryk,UKR,FW,22
277,João Félix,POR,FW,23
278,Noni Madueke,ENG,FW,20
279,Omari Hutchinson,ENG,FW,19
280,Datro Fofana,CIV,"FW,MF",20
281,Ethan Ampadu,WAL,"DF,MF",22
282,Marcus Bettinelli,ENG,GK,30
283,Billy Gilmour,SCO,MF,21
284,Callum Hudson-Odoi,ENG,"FW,MF",22
285,Bashir Humphreys,ENG,DF,19
286,Harvey Vale,ENG,MF,19
287,Alisson,BRA,GK,30
288,Mohamed Salah,EGY,FW,30
289,Virgil van Dijk,NED,DF,31
290,Trent Alexander-Arnold,ENG,DF,24
291,Andrew Robertson,SCO,DF,28
292,Fabinho,BRA,MF,29
293,Thiago Alcántara,ESP,MF,31
294,Harvey Elliott,ENG,"MF,FW",19
295,Joe Gomez,ENG,DF,25
296,Darwin Núñez,URU,FW,23
297,Roberto Firmino,BRA,"FW,MF",31
298,Jordan Henderson,ENG,MF,32
299,Joël Matip,CMR,DF,31
300,Luis Díaz,COL,FW,26
301,James Milner,ENG,"DF,MF",37
302,Kostas Tsimikas,GRE,DF,26
303,Ibrahima Konaté,FRA,DF,23
304,Fabio Carvalho,POR,"MF,FW",20
305,Alex Oxlade-Chamberlain,ENG,"FW,MF",29
306,Cody Gakpo,NED,FW,23
307,Naby Keïta,GUI,MF,27
308,Diogo Jota,POR,"FW,MF",26
309,Stefan Bajcetic,ESP,MF,18
310,Curtis Jones,ENG,"MF,FW",22
311,Nathaniel Phillips,ENG,DF,25
312,Ben Doak,SCO,FW,17
313,Bobby Clark,ENG,MF,18
314,Adrián,ESP,GK,36
315,Luke Chambers,ENG,DF,18
316,Harvey Davies,ENG,GK,19
317,Sepp van den Berg,NED,"DF,MF",21
318,Caoimhín Kelleher,IRL,GK,24
319,Arthur Melo,BRA,MF,26
320,Calvin Ramsay,SCO,DF,19
321,Ezri Konsa,ENG,DF,25
322,Tyrone Mings,ENG,DF,29
323,Emiliano Martínez,ARG,GK,30
324,Ollie Watkins,ENG,FW,27
325,Leon Bailey,JAM,"FW,MF",25
326,Douglas Luiz,BRA,MF,24
327,Jacob Ramsey,ENG,MF,21
328,John McGinn,SCO,MF,28
329,Boubacar Kamara,FRA,MF,23
330,Lucas Digne,FRA,DF,29
331,Emi Buendía,ARG,"MF,FW",26
332,Ashley Young,ENG,DF,37
333,Matty Cash,POL,DF,25
334,Danny Ings,ENG,FW,30
335,Philippe Coutinho,BRA,"MF,FW",30
336,Leander Dendoncker,BEL,MF,27
337,Robin Olsen,SWE,GK,33
338,Diego Carlos,BRA,DF,29
339,Álex Moreno,ESP,DF,29
340,Calum Chambers,ENG,"DF,MF",28
341,Jan Bednarek,POL,DF,26
342,Ludwig Augustinsson,SWE,DF,28
343,Cameron Archer,ENG,"FW,MF",21
344,Morgan Sanson,FRA,MF,28
345,Jhon Durán,COL,FW,19
346,Lamare Bogarde,NED,MF,19
347,Tim Iroegbunam,ENG,MF,19
348,Filip Marshall,ENG,GK,19
349,Marvelous Nakamba,ZIM,MF,29
350,Viljami Sinisalo,FIN,GK,21
351,Kadan Young,ENG,MF,17
352,Vicente Guaita,ESP,GK,36
353,Marc Guéhi,ENG,DF,22
354,Wilfried Zaha,CIV,"FW,MF",30
355,Cheick Doucouré,MLI,MF,23
356,Eberechi Eze,ENG,"MF,FW",24
357,Jeffrey Schlupp,GHA,MF,30
358,Joachim Andersen,DEN,DF,26
359,Jordan Ayew,GHA,"FW,MF",31
360,Tyrick Mitchell,ENG,DF,23
361,Joel Ward,ENG,DF,33
362,Michael Olise,FRA,"MF,FW",21
363,Nathaniel Clyne,ENG,DF,31
364,Odsonne Édouard,FRA,"FW,MF",25
365,Jean-Philippe Mateta,FRA,FW,25
366,Chris Richards,USA,DF,22
367,Will Hughes,ENG,MF,27
368,Luka Milivojević,SRB,MF,31
369,James Tomkins,ENG,DF,33
370,Jaïro Riedewald,NED,"DF,FW",26
371,Malcolm Ebiowei,ENG,"MF,FW",19
372,Albert Sambi Lokonga,BEL,MF,23
373,Naouirou Ahamada,FRA,MF,20
374,David Ozoh,,FW,17
375,Kofi Balmer,NIR,DF,22
376,Jack Butland,ENG,GK,29
377,Owen Goodman,ENG,GK,19
378,John-Kymani Gordon,ENG,FW,19
379,Sam Johnstone,ENG,GK,29
380,Killian Phillips,IRL,DF,20
381,Luke Plange,ENG,FW,20
382,Kaden Rodney,ENG,MF,18
383,Jack Wells-Morrison,ENG,MF,18
384,Joseph Whitworth,ENG,GK,18
385,Brennan Johnson,WAL,FW,21
386,Dean Henderson,ENG,GK,25
387,Morgan Gibbs-White,ENG,"MF,FW",23
388,Scott McKenna,SCO,DF,26
389,Ryan Yates,ENG,MF,25
390,Remo Freuler,SUI,MF,30
391,Neco Williams,WAL,DF,21
392,Joe Worrall,ENG,DF,26
393,Renan Lodi,BRA,DF,24
394,Serge Aurier,CIV,DF,30
395,Steve Cook,ENG,DF,31
396,Jesse Lingard,ENG,"FW,MF",30
397,Taiwo Awoniyi,NGA,FW,25
398,Cheikhou Kouyaté,SEN,"MF,DF",33
399,Orel Mangala,BEL,MF,24
400,Willy Boly,CIV,DF,32
401,Harry Toffolo,ENG,DF,27
402,Lewis O'Brien,ENG,MF,24
403,Emmanuel Dennis,NGA,FW,25
404,Wayne Hennessey,WAL,GK,36
405,Moussa Niakhate,FRA,DF,26
406,Chris Wood,NZL,FW,31
407,Jack Colback,ENG,MF,33
408,Sam Surridge,ENG,FW,24
409,Gustavo Scarpa,BRA,MF,29
410,Danilo,BRA,MF,21
411,Keylor Navas,CRC,GK,36
412,Giulian Biancone,FRA,DF,22
413,Alexander Mighten,ENG,FW,20
414,Cafú,POR,MF,29
415,André Ayew,GHA,FW,33
416,Loïc Bade,FRA,DF,22
417,Felipe,BRA,DF,33
418,Oliver Hammond,WAL,MF,20
419,Loïc Mbe Soh,FRA,DF,21
420,Jordan Smith,ENG,GK,28
421,Dale Taylor,NIR,FW,19
422,Lyle Taylor,MSR,FW,32
423,Danny Ward,WAL,GK,29
424,Timothy Castagne,BEL,DF,27
425,Youri Tielemans,BEL,MF,25
426,Harvey Barnes,ENG,"MF,FW",25
427,Kiernan Dewsbury-Hall,ENG,MF,24
428,Daniel Amartey,GHA,DF,28
429,Wout Faes,BEL,DF,24
430,James Justin,ENG,DF,24
431,James Maddison,ENG,"MF,FW",26
432,Boubakary Soumaré,FRA,MF,23
433,Jamie Vardy,ENG,FW,36
434,Wilfred Ndidi,NGA,"MF,DF",26
435,Jonny Evans,NIR,DF,35
436,Patson Daka,ZAM,FW,24
437,Luke Thomas,ENG,DF,21
438,Dennis Praet,BEL,MF,28
439,Ayoze Pérez,ESP,"MF,FW",29
440,Kelechi Iheanacho,NGA,"FW,MF",26
441,Nampalys Mendy,SEN,MF,30
442,Wesley Fofana,FRA,DF,22
443,Marc Albrighton,ENG,"FW,MF",33
444,Harry Souttar,AUS,DF,24
445,Tetê,BRA,FW,22
446,Victor Bernth Kristiansen,DEN,DF,20
447,Çağlar Söyüncü,TUR,DF,26
448,Lewis Brunt,ENG,DF,22
449,Sammy Braybroke,MEX,MF,0
450,Samuel Braybrooke,ENG,MF,18
451,Daniel Iversen,DEN,GK,25
452,Wanya Marcal-Madivadua,ENG,MF,20
453,Kasey McAteer,ENG,MF,21
454,Jannik Vestergaard,DEN,DF,30
455,Joe Wormleighton,ENG,MF,19
456,Max Kilman,ENG,DF,25
457,José Sá,POR,GK,30
458,Rúben Neves,POR,MF,25
459,Nathan Collins,IRL,DF,21
460,Matheus Nunes,POR,MF,24
461,Daniel Podence,POR,"FW,MF",27
462,João Moutinho,POR,MF,36
463,Nélson Semedo,POR,DF,29
464,Jonny Castro,ESP,DF,28
465,Hugo Bueno,ESP,DF,20
466,Hwang Hee-chan,KOR,FW,27
467,Rayan Aït Nouri,FRA,DF,21
468,Gonçalo Guedes,POR,"FW,MF",26
469,Diego Costa,ESP,FW,34
470,Pedro Neto,POR,"FW,MF",22
471,Adama Traoré,ESP,"FW,MF",27
472,Boubacar Traoré,MLI,MF,21
473,Raúl Jiménez,MEX,FW,31
474,Toti Gomes,POR,DF,24
475,Leander Dendoncker,BEL,MF,27
476,Matheus Cunha,BRA,FW,23
477,Morgan Gibbs-White,ENG,"FW,MF",23
478,Mario Lemina,GAB,MF,29
479,Joseph Hodge,IRL,MF,20
480,Pablo Sarabia,ESP,FW,30
481,Craig Dawson,ENG,DF,32
482,Sasa Kalajdzic,AUT,FW,25
483,Chem Campbell,WAL,"FW,MF",20
484,Dexter Lembikisa,JAM,DF,19
485,Connor Ronan,IRL,MF,24
486,Daniel Bentley,ENG,GK,29
487,Willy Boly,CIV,DF,32
488,Conor Coady,ENG,"DF,MF",29
489,Luke Cundle,ENG,MF,20
490,Nathan Fraser,IRL,FW,17
491,Harvey Griffiths,ENG,MF,19
492,Yerson Mosquera,COL,DF,21
493,Matija Šarkić,MNE,GK,25
494,Declan Rice,ENG,MF,24
495,Jarrod Bowen,ENG,"FW,MF",26
496,Łukasz Fabiański,POL,GK,37
497,Tomáš Souček,CZE,MF,27
498,Aaron Cresswell,ENG,DF,33
499,Thilo Kehrer,GER,DF,26
500,Kurt Zouma,FRA,DF,28
501,Vladimír Coufal,CZE,DF,30
502,Lucas Paquetá,BRA,MF,25
503,Saïd Benrahma,ALG,"FW,MF",27
504,Pablo Fornals,ESP,"FW,MF",26
505,Gianluca Scamacca,ITA,FW,24
506,Michail Antonio,JAM,FW,32
507,Craig Dawson,ENG,DF,32
508,Ben Johnson,ENG,DF,23
509,Emerson Palmieri,ITA,"DF,MF",28
510,Nayef Aguerd,MAR,DF,26
511,Angelo Ogbonna,ITA,DF,34
512,Flynn Downes,ENG,MF,24
513,Manuel Lanzini,ARG,"MF,FW",29
514,Maxwel Cornet,CIV,FW,26
515,Alphonse Areola,FRA,GK,29
516,Danny Ings,ENG,FW,30
517,Divin Mubama,ENG,FW,18
518,Conor Coventry,IRL,"MF,FW",22
519,Joseph Anang,ENG,GK,22
520,Harrison Ashby,SCO,DF,21
521,Krisztián Hegyi,HUN,GK,20
522,Armstrong Okoflex,IRL,MF,20
523,Darren Randolph,IRL,GK,35
524,Nikola Vlašić,CRO,"FW,MF",25
525,Illan Meslier,FRA,GK,22
526,Robin Koch,GER,DF,26
527,Pascal Struijk,NED,DF,23
528,Brenden Aaronson,USA,"MF,FW",22
529,Marc Roca,ESP,MF,26
530,Tyler Adams,USA,MF,23
531,Rodrigo,ESP,"FW,MF",31
532,Jack Harrison,ENG,"FW,MF",26
533,Rasmus Nissen,DEN,DF,25
534,Liam Cooper,SCO,DF,31
535,Diego Llorente,ESP,DF,29
536,Degnand Gnonto,ITA,"FW,MF",19
537,Luis Sinisterra,COL,FW,23
538,Luke Ayling,ENG,DF,31
539,Crysencio Summerville,NED,FW,21
540,Patrick Bamford,ENG,FW,29
541,Sam Greenwood,ENG,"MF,FW",21
542,Maximilian Wöber,AUT,DF,25
543,Daniel James,WAL,FW,25
544,Adam Forshaw,ENG,MF,31
545,Joe Gelhardt,ENG,FW,20
546,Junior Firpo,ESP,DF,26
547,Cody Drameh,ENG,DF,21
548,Mateusz Klich,POL,"MF,FW",32
549,Weston McKennie,USA,MF,24
550,Georginio Rutter,FRA,FW,20
551,Darko Gyabi,ENG,FW,18
552,Mateo Fernández,ESP,MF,19
553,Leo Fuhr Hjelde,NOR,DF,19
554,Archie Gray,ENG,MF,16
555,Kristoffer Klaesson,NOR,GK,22
556,Sonny Perkins,ENG,FW,18
557,Joel Robles,ESP,GK,32
558,James Tarkowski,ENG,DF,30
559,Alex Iwobi,NGA,MF,26
560,Vitaliy Mykolenko,UKR,"DF,MF",23
561,Jordan Pickford,ENG,GK,28
562,Conor Coady,ENG,DF,29
563,Demarai Gray,ENG,"FW,MF",26
564,Amadou Onana,BEL,MF,21
565,Idrissa Gana Gueye,SEN,MF,33
566,Anthony Gordon,ENG,FW,21
567,Nathan Patterson,SCO,"DF,MF",21
568,Dwight McNeil,ENG,"FW,DF",23
569,Séamus Coleman,IRL,DF,34
570,Dominic Calvert-Lewin,ENG,FW,25
571,Neal Maupay,FRA,FW,26
572,Tom Davies,ENG,MF,24
573,Mason Holgate,ENG,DF,26
574,Abdoulaye Doucouré,MLI,MF,30
575,Yerry Mina,COL,DF,28
576,Ben Godfrey,ENG,DF,25
577,Salomón Rondón,VEN,FW,33
578,Asmir Begović,BIH,GK,35
579,James Garner,ENG,MF,21
580,Dele Alli,ENG,MF,26
581,Isaac Price,NIR,MF,19
582,Rúben Vinagre,POR,"DF,MF",23
583,Thomas Cannon,IRL,FW,20
584,Michael Keane,ENG,DF,30
585,Ellis Simms,ENG,FW,22
586,Kyle Alex John,ENG,DF,21
587,Allan,BRA,"DF,MF",32
588,Jean-Philippe Gbamin,CIV,"DF,MF",27
589,André Gomes,POR,MF,29
590,Eldin Jakupović,SUI,GK,38
591,Stanley Mills,ENG,MF,19
592,Lewis Warrington,ENG,MF,20
593,Reece Welch,ENG,DF,19
594,Jefferson Lerma,COL,"MF,DF",28
595,Adam Smith,ENG,DF,31
596,Philip Billing,DEN,"MF,FW",26
597,Chris Mepham,WAL,DF,25
598,Lewis Cook,ENG,MF,26
599,Marcos Senesi,ARG,DF,25
600,Dominic Solanke,ENG,"FW,MF",25
601,Marcus Tavernier,ENG,"MF,FW",23
602,Jordan Zemura,ZIM,DF,23
603,Kieffer Moore,WAL,FW,30
604,Ryan Christie,SCO,"MF,FW",27
605,Neto,BRA,GK,33
606,Mark Travers,IRL,GK,23
607,Lloyd Kelly,ENG,DF,24
608,Jaidon Anthony,ENG,"MF,FW",23
609,Ryan Fredericks,ENG,DF,30
610,Jack Stacey,ENG,DF,26
611,Ben Pearson,ENG,MF,28
612,Jack Stephens,ENG,DF,29
613,Dango Ouattara,BFA,MF,20
614,Joe Rothwell,ENG,"MF,DF",28
615,Antoine Semenyo,GHA,FW,23
616,Hamed Junior Traorè,CIV,FW,22
617,Siriki Dembélé,CIV,"FW,MF",26
618,Junior Stanislas,ENG,MF,33
619,Jamal Lowe,JAM,"MF,FW",28
620,Matías Viña,URU,MF,25
621,Owen Bevan,WAL,DF,19
622,Emiliano Marcondes,DEN,MF,27
623,Daniel Adu-Adjei,ENG,FW,17
624,Michael DaCosta,ESP,FW,17
625,Will Dennis,ENG,GK,22
626,Ben Greenwood,IRL,DF,19
627,James Hill,ENG,DF,21
628,Cameron Plain,ENG,GK,20
629,Euan Pollock,ENG,FW,20
630,Dominic Sadi,ENG,MF,19
631,Christian Saydee,LBR,FW,20
632,Maxwell Wellings,ENG,DF,18
633,Gavin Bazunu,IRL,GK,20
634,James Ward-Prowse,ENG,MF,28
635,Mohammed Salisu,GHA,DF,23
636,Che Adams,SCO,FW,26
637,Mohamed Elyounoussi,NOR,"MF,FW",28
638,Kyle Walker-Peters,ENG,DF,25
639,Romain Perraud,FRA,DF,25
640,Armel Bella Kotchap,GER,DF,21
641,Adam Armstrong,ENG,FW,25
642,Joe Aribo,NGA,"MF,FW",26
643,Roméo Lavia,BEL,MF,19
644,Ibrahima Diallo,FRA,MF,23
645,Stuart Armstrong,SCO,"MF,FW",30
646,Duje Ćaleta-Car,CRO,DF,26
647,Lyanco,BRA,DF,26
648,Moussa Djenepo,MLI,"DF,FW",24
649,Ainsley Maitland-Niles,ENG,"MF,DF",25
650,Samuel Edozie,ENG,"FW,MF",20
651,Sekou Mara,FRA,"FW,MF",20
652,Jan Bednarek,POL,DF,26
653,Juan Larios,ESP,DF,19
654,Theo Walcott,ENG,"FW,MF",33
655,James Bree,ENG,DF,25
656,Oriol Romeu,ESP,MF,31
657,Yan Valery,TUN,DF,23
658,Carlos Alcaraz,ARG,MF,20
659,Jack Stephens,ENG,DF,29
660,Paul Onuachu,NGA,FW,28
661,Kamaldeen Sulemana,GHA,MF,20
662,Mislav Oršić,CRO,MF,30
663,Nathan Redmond,ENG,DF,28
664,Willy Caballero,ARG,GK,41
665,Ryan Finnigan,ENG,MF,19
666,Alex McCarthy,ENG,GK,33
667,Jimmy Morgan,ENG,FW,17
668,Lewis Payne,ENG,DF,18
669,Alex Meret,ITA,GK,25
670,Giovanni Di Lorenzo,ITA,DF,29
671,Kim Min-jae,KOR,DF,26
672,Stanislav Lobotka,SVK,MF,28
673,Andre-Frank Zambo Anguissa,CMR,MF,27
674,Victor Osimhen,NGA,FW,24
675,Mário Rui,POR,DF,31
676,Piotr Zieliński,POL,MF,28
677,Khvicha Kvaratskhelia,GEO,FW,21
678,Amir Rrahmani,KVX,DF,28
679,Hirving Lozano,MEX,FW,27
680,Matteo Politano,ITA,FW,29
681,Juan Jesus,BRA,DF,31
682,Giacomo Raspadori,ITA,"FW,MF",22
683,Elif Elmas,MKD,"FW,MF",23
684,Tanguy Ndombele,FRA,MF,26
685,Mathías Olivera,URU,DF,25
686,Leo Skiri Østigård,NOR,DF,23
687,Giovanni Simeone,ARG,FW,27
688,Alessio Zerbin,ITA,FW,23
689,Gianluca Gaetano,ITA,MF,22
690,Diego Demme,GER,MF,31
691,Adam Ounas,ALG,FW,26
692,Alessandro Zanoli,ITA,DF,22
693,Bartosz Bereszyński,POL,"DF,FW",30
694,Pierluigi Gollini,ITA,GK,27
695,Hubert Idasiak,POL,GK,21
696,Davide Marfella,ITA,GK,23
697,Salvatore Sirigu,ITA,GK,36
698,Karim Zedadka,FRA,DF,22
699,Milan Škriniar,SVK,DF,27
700,Lautaro Martínez,ARG,FW,25
701,Nicolò Barella,ITA,MF,26
702,Hakan Çalhanoğlu,TUR,MF,29
703,Federico Dimarco,ITA,DF,25
704,Edin Džeko,BIH,FW,36
705,Alessandro Bastoni,ITA,DF,23
706,Denzel Dumfries,NED,DF,26
707,André Onana,CMR,GK,26
708,Henrikh Mkhitaryan,ARM,MF,34
709,Francesco Acerbi,ITA,DF,34
710,Stefan de Vrij,NED,DF,31
711,Matteo Darmian,ITA,DF,33
712,Samir Handanović,SVN,GK,38
713,Marcelo Brozović,CRO,MF,30
714,Joaquín Correa,ARG,FW,28
715,Romelu Lukaku,BEL,FW,29
716,Roberto Gagliardini,ITA,MF,28
717,Kristjan Asllani,ALB,MF,20
718,Robin Gosens,GER,DF,28
719,Danilo D'Ambrosio,ITA,DF,34
720,Raoul Bellanova,ITA,"DF,MF",22
721,Valentin Carboni,ITA,"MF,FW",17
722,Lucien Agoume,FRA,MF,20
723,Nikolaos Botis,GRE,GK,18
724,Gabriel Brazão,BRA,GK,22
725,Alex Cordaz,ITA,GK,40
726,Dennis Curatolo,ITA,FW,18
727,Alessandro Fontanarosa,ITA,DF,20
728,Eddie Salcedo,ITA,FW,21
729,Aleksandar Stanković,SRB,FW,17
730,Mattia Zanotti,ITA,DF,20
731,Rui Patrício,POR,GK,34
732,Bryan Cristante,ITA,MF,27
733,Gianluca Mancini,ITA,DF,26
734,Chris Smalling,ENG,DF,33
735,Roger Ibanez,BRA,DF,24
736,Lorenzo Pellegrini,ITA,MF,26
737,Tammy Abraham,ENG,FW,25
738,Paulo Dybala,ARG,"MF,FW",29
739,Nicola Zalewski,POL,DF,21
740,Nicolò Zaniolo,ITA,"MF,FW",23
741,Nemanja Matić,SRB,MF,34
742,Zeki Çelik,TUR,DF,25
743,Leonardo Spinazzola,ITA,DF,29
744,Rick Karsdorp,NED,DF,27
745,Mohamed Camara,GUI,MF,25
746,Stephan El Shaarawy,ITA,"DF,MF",30
747,Andrea Belotti,ITA,FW,29
748,Cristian Volpato,ITA,MF,19
749,Marash Kumbulla,ALB,DF,23
750,Edoardo Bove,ITA,MF,20
751,Benjamin Tahirovic,SWE,MF,19
752,Eldor Shomurodov,UZB,FW,27
753,Matías Viña,URU,DF,25
754,Georginio Wijnaldum,NED,MF,32
755,Ola Solbakken,NOR,FW,24
756,Diego Llorente,ESP,DF,29
757,Felix Afena-Gyan,GHA,FW,20
758,Pietro Boer,ITA,GK,20
759,Luigi Cherubini,ITA,FW,19
760,Giacomo Faticanti,ITA,MF,18
761,Dimitrios Keramitsis,GRE,DF,18
762,Jordan Majchrzak,POL,FW,18
763,Filippo Missori,ITA,DF,18
764,Jan Oliveras,ESP,DF,18
765,Mile Svilar,SRB,GK,23
766,Filippo Tripi,ITA,MF,21
767,Ivan Provedel,ITA,GK,28
768,Adam Marušić,MNE,DF,30
769,Alessio Romagnoli,ITA,DF,28
770,Sergej Milinković-Savić,SRB,MF,27
771,Felipe Anderson,BRA,FW,29
772,Mattia Zaccagni,ITA,"FW,MF",27
773,Danilo Cataldi,ITA,MF,28
774,Manuel Lazzari,ITA,DF,29
775,Nicolò Casale,ITA,DF,24
776,Ciro Immobile,ITA,FW,32
777,Luis Alberto,ESP,MF,30
778,Pedro,ESP,FW,35
779,Matías Vecino,URU,MF,31
780,Patric,ESP,DF,29
781,Elseid Hysaj,ALB,DF,28
782,Toma Bašić,CRO,MF,26
783,Marcos Antônio,BRA,MF,22
784,Matteo Cancellieri,ITA,FW,20
785,Luka Romero,ARG,FW,18
786,Luís Maximiano,POR,GK,24
787,Mario Gila,ESP,DF,22
788,Ștefan Radu,ROU,DF,36
789,Marius Adamonis,LTU,GK,25
790,Djavan Anderson,NED,"DF,MF",27
791,Marco Bertini,ITA,MF,20
792,Mohamed Fares,ALG,"DF,FW",26
793,Romano Floriani,ITA,DF,20
794,Dimitrije Kamenović,SRB,DF,22
795,Federico Magro,ITA,GK,18
796,Raúl Moro,ESP,FW,20
797,Luca Pellegrini,ITA,"DF,MF",23
798,Teun Koopmeiners,NED,MF,24
799,Marten de Roon,NED,MF,31
800,Rafael Tolói,ITA,DF,32
801,Hans Hateboer,NED,DF,29
802,Juan Musso,ARG,GK,28
803,Ademola Lookman,NGA,"FW,MF",25
804,Giorgio Scalvini,ITA,"DF,MF",19
805,Merih Demiral,TUR,DF,24
806,Joakim Mæhle,DEN,"DF,MF",25
807,Mario Pašalić,CRO,"MF,FW",27
808,Éderson,BRA,"MF,FW",23
809,Rasmus Højlund,DEN,FW,20
810,Caleb Okoli,ITA,DF,21
811,Duván Zapata,COL,FW,31
812,Brandon Soppy,FRA,DF,20
813,Marco Sportiello,ITA,GK,30
814,Luis Muriel,COL,FW,31
815,Ruslan Malinovskyi,UKR,"MF,FW",29
816,Berat Djimsiti,ALB,DF,29
817,José Luis Palomino,ARG,DF,33
818,Matteo Ruggeri,ITA,"DF,MF",20
819,Jeremie Boga,CIV,"MF,FW",26
820,Davide Zappacosta,ITA,"DF,MF",30
821,Nadir Zortea,ITA,"DF,MF",23
822,Tommaso Bertini,ITA,GK,19
823,Francesco Rossi,ITA,GK,31
824,Lukáš Vorlický,CZE,FW,21
825,Fikayo Tomori,ENG,DF,25
826,Theo Hernández,FRA,DF,25
827,Pierre Kalulu,FRA,DF,22
828,Sandro Tonali,ITA,MF,22
829,Rafael Leão,POR,"FW,MF",23
830,Ismaël Bennacer,ALG,MF,25
831,Olivier Giroud,FRA,FW,36
832,Ciprian Tătărușanu,ROU,GK,36
833,Brahim Díaz,ESP,MF,23
834,Davide Calabria,ITA,DF,26
835,Junior Messias,BRA,"FW,DF",31
836,Rade Krunić,BIH,"MF,FW",29
837,Mike Maignan,FRA,GK,27
838,Alexis Saelemaekers,BEL,"FW,DF",23
839,Simon Kjær,DEN,DF,33
840,Charles De Ketelaere,BEL,"MF,FW",21
841,Matteo Gabbia,ITA,DF,23
842,Tommaso Pobega,ITA,MF,23
843,Divock Origi,BEL,FW,27
844,Ante Rebić,CRO,FW,29
845,Sergiño Dest,USA,DF,22
846,Fodé Ballo-Touré,SEN,DF,26
847,Malick Thiaw,GER,DF,21
848,Yacine Adli,FRA,"MF,FW",22
849,Alessandro Florenzi,ITA,DF,31
850,Aster Vranckx,BEL,MF,20
851,Marko Lazetić,SRB,FW,19
852,Tiemoué Bakayoko,FRA,MF,28
853,Andrea Bozzolan,ITA,DF,18
854,Andreas Jungdal,DEN,GK,20
855,Antonio Mirante,ITA,GK,39
856,Lapo Nava,ITA,GK,19
857,Devis Vásquez,COL,GK,24
858,Vanja Milinković-Savić,SRB,GK,25
859,Nikola Vlašić,CRO,"MF,FW",25
860,Koffi Djidji,CIV,DF,30
861,Alessandro Buongiorno,ITA,DF,23
862,Karol Linetty,POL,MF,28
863,Perr Schuurs,NED,DF,23
864,Ricardo Rodríguez,SUI,DF,30
865,Samuele Ricci,ITA,MF,21
866,Saša Lukić,SRB,MF,26
867,Aleksei Miranchuk,RUS,MF,27
868,Valentino Lazaro,AUT,DF,26
869,Antonio Sanabria,PAR,FW,26
870,Wilfried Singo,CIV,DF,22
871,Mërgim Vojvoda,KVX,DF,28
872,Nemanja Radonjić,SRB,"MF,FW",26
873,Ola Aina,NGA,DF,26
874,Demba Seck,SEN,"FW,MF",21
875,David Zima,CZE,DF,22
876,Pietro Pellegri,ITA,FW,21
877,Michel Ndary Adopo,FRA,"MF,DF",22
878,Yann Karamoh,FRA,"FW,MF",24
879,Emirhan İlkhan,TUR,MF,18
880,Brian Bayeye,FRA,DF,22
881,Jacopo Segre,ITA,DF,25
882,Ronaldo Vieira,GNB,MF,24
883,Etrit Berisha,ALB,GK,33
884,Ali Dembélé,FRA,DF,19
885,Simone Edera,ITA,MF,26
886,Matteo Fiorenza,,GK,19
887,Matt Garbett,NZL,MF,20
888,Luca Gemello,ITA,GK,22
889,Gvidas Gineitis,LTU,MF,18
890,Andrew Gravillon,GLP,DF,25
891,Caumenan N'Guessan,FRA,DF,19
892,Sebastian Wade,ESP,DF,19
893,Marco Silvestri,ITA,GK,31
894,Walace,BRA,MF,27
895,Nehuén Pérez,ARG,DF,22
896,Roberto Pereyra,ARG,"DF,MF",32
897,Iyenoma Udogie,ITA,DF,20
898,Jaka Bijol,SVN,DF,24
899,Rodrigo Becão,BRA,DF,27
900,Gerard Deulofeu,ESP,FW,28
901,Isaac Success,NGA,FW,27
902,Beto,GNB,FW,25
903,Sandi Lovrić,SVN,MF,24
904,Jean-Victor Makengo,FRA,MF,24
905,Tolgay Arslan,GER,MF,32
906,Enzo Ebosse,CMR,DF,23
907,Lazar Samardzic,GER,MF,20
908,Kingsley Ehizibue,NED,DF,27
909,Adam Masina,MAR,DF,29
910,Bram Nuytinck,NED,DF,32
911,Brandon Soppy,FRA,DF,20
912,Ilija Nestorovski,MKD,"FW,MF",32
913,Mato Jajalo,BIH,MF,34
914,Festy Ebosele,IRL,DF,20
915,Florian Thauvin,FRA,"MF,DF",30
916,Simone Pafundi,ITA,MF,16
917,Vivaldo Semedo,POR,FW,18
918,James Abankwah,IRL,DF,19
919,Filip Benković,CRO,DF,25
920,Leonardo Buta,POR,DF,20
921,Axel Guessand,FRA,DF,18
922,Daniele Padelli,ITA,GK,37
923,Martin Palumbo,NOR,MF,20
924,Edoardo Piana,ITA,GK,19
925,Łukasz Skorupski,POL,GK,31
926,Jhon Lucumí,COL,DF,24
927,Gary Medel,CHI,"MF,DF",35
928,Nicolás Domínguez,ARG,MF,24
929,Adama Soumaoro,FRA,DF,30
930,Stefan Posch,AUT,DF,25
931,Marko Arnautović,AUT,FW,33
932,Jerdy Schouten,NED,MF,26
933,Andrea Cambiaso,ITA,DF,22
934,Riccardo Orsolini,ITA,FW,26
935,Lewis Ferguson,SCO,MF,23
936,Roberto Soriano,ITA,"FW,MF",32
937,Charalambos Lykogiannis,GRE,DF,29
938,Musa Barrow,GAM,"FW,MF",24
939,Michel Aebischer,SUI,"FW,MF",26
940,Lorenzo De Silvestri,ITA,DF,34
941,Nicola Sansone,ITA,FW,31
942,Joshua Zirkzee,NED,FW,21
943,Nikola Moro,CRO,MF,24
944,Kevin Bonifazi,ITA,DF,26
945,Denso Kasius,NED,DF,20
946,Joaquin Sosa,URU,DF,21
947,Emanuel Vignato,ITA,"MF,FW",22
948,Niklas Pyyhtiä,FIN,MF,19
949,Giorgos Kyriakopoulos,GRE,FW,27
950,Wisdom Amey,ITA,DF,17
951,Matteo Angeli,ITA,DF,20
952,Nicola Bagnolini,ITA,GK,18
953,Francesco Bardi,ITA,GK,31
954,Ibrahima Mbaye,SEN,"DF,MF",28
955,Mattia Motolese,ITA,DF,18
956,Francesco Raffaelli,ITA,GK,17
957,Antonio Raimondo,ITA,FW,18
958,Federico Ravaglia,ITA,GK,23
959,Kacper Urbanski,POL,MF,18
960,Danilo,BRA,DF,31
961,Filip Kostić,SRB,"DF,FW",30
962,Gleison Bremer,BRA,DF,25
963,Manuel Locatelli,ITA,MF,25
964,Adrien Rabiot,FRA,MF,27
965,Wojciech Szczęsny,POL,GK,32
966,Alex Sandro,BRA,DF,32
967,Juan Cuadrado,COL,"DF,FW",34
968,Weston McKennie,USA,"MF,DF",24
969,Dušan Vlahović,SRB,FW,23
970,Arkadiusz Milik,POL,FW,28
971,Fabio Miretti,ITA,"MF,FW",19
972,Moise Kean,ITA,FW,22
973,Ángel Di María,ARG,FW,34
974,Mattia De Sciglio,ITA,DF,30
975,Leonardo Bonucci,ITA,DF,35
976,Mattia Perin,ITA,GK,30
977,Nicolò Fagioli,ITA,MF,21
978,Federico Gatti,ITA,DF,24
979,Leandro Paredes,ARG,MF,28
980,Daniele Rugani,ITA,DF,28
981,Matìas Soulé,ARG,"MF,DF",19
982,Federico Chiesa,ITA,"DF,FW",25
983,Denis Zakaria,SUI,MF,26
984,Samuel Iling-Junior,ENG,"DF,MF",19
985,Nicolò Rovella,ITA,MF,21
986,Tommaso Barbieri,ITA,DF,20
987,Enzo Barrenechea,ARG,MF,21
988,Mattia Compagnon,ITA,MF,21
989,Cosimo Marco Da Graca,ITA,FW,20
990,Giovanni Garofani,ITA,GK,20
991,Carlo Pinsoglio,ITA,GK,32
992,Paul Pogba,FRA,MF,29
993,Alessandro Riccio,ITA,DF,21
994,Simone Scaglia,ITA,GK,18
995,Michele Di Gregorio,ITA,GK,25
996,Carlos,BRA,DF,24
997,Matteo Pessina,ITA,MF,25
998,Gianluca Caprari,ITA,"MF,FW",29
999,Luca Caldirola,ITA,DF,32
1000,Patrick Ciurria,ITA,"DF,MF",27
1001,Armando Izzo,ITA,DF,30
1002,Marlon,BRA,DF,27
1003,Pablo Marí,ESP,DF,29
1004,Stefano Sensi,ITA,MF,27
1005,Dany Mota,POR,"FW,MF",24
1006,Samuele Birindelli,ITA,DF,23
1007,Nicolò Rovella,ITA,MF,21
1008,Andrea Petagna,ITA,FW,27
1009,Pepín,EQG,MF,26
1010,Filippo Ranocchia,ITA,MF,21
1011,Andrea Colpani,ITA,MF,23
1012,Andrea Barberis,ITA,MF,29
1013,Marco D'Alessandro,ITA,"DF,FW",31
1014,Christian Gytkjær,DEN,FW,32
1015,Mattia Valoti,ITA,MF,29
1016,Giulio Donati,ITA,DF,33
1017,Luca Marrone,ITA,DF,32
1018,Salvatore Molina,ITA,DF,31
1019,Valentin Antov,BUL,DF,22
1020,Andrea Carboni,ITA,DF,22
1021,Andrea Ranocchia,ITA,DF,34
1022,Warren Bondo,FRA,MF,19
1023,Samuele Vignato,ITA,"FW,MF",18
1024,Franco Carboni,ITA,FW,19
1025,Leonardo Colombo,ITA,MF,17
1026,Alessio Cragno,ITA,GK,28
1027,Gabriele Ferrarini,ITA,DF,22
1028,Alessandro Sorrentino,ITA,GK,20
1029,Guglielmo Vicario,ITA,GK,26
1030,Fabiano Parisi,ITA,DF,22
1031,Sebastiano Luperto,ITA,DF,26
1032,Filippo Bandinelli,ITA,MF,27
1033,Martin Satriano,URU,FW,21
1034,Răzvan Marin,ROU,MF,26
1035,Ardian Ismajli,ALB,DF,26
1036,Petar Stojanović,SVN,DF,27
1037,Sam Lammers,NED,FW,25
1038,Tommaso Baldanzi,ITA,MF,19
1039,Nicolas Haas,SUI,MF,27
1040,Koni De Winter,BEL,DF,20
1041,Nedim Bajrami,ALB,"MF,FW",23
1042,Tyronne Ebuehi,NGA,DF,27
1043,Liam Henderson,SCO,MF,26
1044,Jean-Daniel Akpa-Akpro,CIV,MF,30
1045,Francesco Caputo,ITA,"FW,MF",35
1046,Alberto Grassi,ITA,MF,27
1047,Mattia Destro,ITA,FW,31
1048,Marko Pjaca,CRO,"MF,FW",27
1049,Nicolò Cambiaghi,ITA,"FW,MF",22
1050,Jacopo Fazzini,ITA,MF,19
1051,Liberato Cacace,NZL,DF,22
1052,Sebastian Walukiewicz,POL,DF,22
1053,Roberto Piccoli,ITA,FW,22
1054,Emmanuel Ekong,SWE,"FW,MF",20
1055,Duccio Degli Innocenti,ITA,MF,19
1056,Samuele Angori,ITA,DF,19
1057,Giovanni Crociata,ITA,MF,25
1058,Gabriele Guarino,ITA,DF,18
1059,Gabriele Indragoli,ITA,DF,18
1060,Gian Marco Fantoni,ITA,GK,19
1061,Davide Merola,ITA,FW,22
1062,Herculano Nabian,POR,FW,19
1063,Samuele Perisan,ITA,GK,25
1064,Jacopo Seghetti,ITA,GK,17
1065,Leo Štulac,SVN,MF,28
1066,Samir Ujkani,KVX,GK,34
1067,Emanuel Vignato,ITA,MF,22
1068,Cristiano Biraghi,ITA,DF,30
1069,Pietro Terracciano,ITA,GK,32
1070,Christian Kouamé,CIV,FW,25
1071,Giacomo Bonaventura,ITA,MF,33
1072,Dodô,BRA,DF,24
1073,Nikola Milenković,SRB,DF,25
1074,Sofyan Amrabat,MAR,MF,26
1075,Lucas Martínez Quarta,ARG,DF,26
1076,Jonathan Ikone,FRA,FW,24
1077,Igor,BRA,DF,25
1078,Luka Jović,SRB,"FW,MF",25
1079,Antonín Barák,CZE,MF,28
1080,Rolando Mandragora,ITA,MF,25
1081,Riccardo Saponara,ITA,FW,31
1082,Arthur,BRA,FW,24
1083,Alfred Duncan,GHA,MF,29
1084,Lorenzo Venuti,ITA,DF,27
1085,Riccardo Sottil,ITA,FW,23
1086,Nicolás González,ARG,"FW,MF",24
1087,Youssef Maleh,ITA,MF,24
1088,Pierluigi Gollini,ITA,GK,27
1089,Aleksa Terzić,SRB,DF,23
1090,Luca Ranieri,ITA,DF,23
1091,Alessandro Bianco,ITA,MF,20
1092,Marco Benassi,ITA,DF,28
1093,Gaetano Castrovilli,ITA,MF,25
1094,Szymon Żurkowski,POL,MF,25
1095,Josip Brekalo,CRO,FW,24
1096,Lorenzo Amatucci,ITA,MF,19
1097,Michele Cerofolini,ITA,GK,24
1098,Filippo Distefano,ITA,FW,19
1099,Costantino Favasuli,ITA,MF,18
1100,Michael Kayode,ITA,DF,18
1101,Dimo Krastev,BUL,MF,19
1102,Tommaso Martinelli,ITA,GK,17
1103,Matija Nastasić,SRB,DF,29
1104,Salvatore Sirigu,ITA,GK,36
1105,Federico Baschirotto,ITA,DF,26
1106,Wladimiro Falcone,ITA,GK,27
1107,Valentin Gendrey,FRA,DF,22
1108,Morten Hjulmand,DEN,MF,23
1109,Joan Gonzàlez,ESP,MF,21
1110,Gabriel Strefezza,BRA,"FW,MF",25
1111,Antonino Gallo,ITA,DF,23
1112,Alexis Blin,FRA,"MF,DF",26
1113,Federico Di Francesco,ITA,"FW,MF",28
1114,Lameck Banda,ZAM,"FW,MF",22
1115,Lorenzo Colombo,ITA,FW,20
1116,Assan Ceesay,GAM,FW,28
1117,Samuel Umtiti,FRA,DF,29
1118,Marin Pongračić,CRO,DF,25
1119,Giuseppe Pezzella,ITA,DF,25
1120,Kristoffer Askildsen,NOR,MF,22
1121,Kristijan Bistrović,CRO,MF,24
1122,Remi Oudin,FRA,"FW,MF",26
1123,Alessandro Tuia,ITA,DF,32
1124,Youssef Maleh,ITA,MF,24
1125,Þórir Jóhann Helgason,ISL,MF,22
1126,Yıldırım Mert Çetin,TUR,DF,26
1127,Marcin Listkowski,POL,"MF,FW",24
1128,Pablo Rodríguez,ESP,"FW,MF",21
1129,Kastriot Dermaku,ALB,DF,31
1130,Joel Voelkerling Persson,SWE,FW,20
1131,Medon Berisha,KVX,FW,19
1132,Marco Bleve,ITA,GK,27
1133,Federico Brancolini,ITA,GK,21
1134,Tommaso Cassandro,ITA,DF,23
1135,Pietro Ceccaroni,ITA,DF,27
1136,Mattia Ciucci,ITA,DF,20
1137,Francesco Di Mariano,ITA,"FW,MF",26
1138,Gianluca Frabotta,ITA,DF,23
1139,Mats Lemmens,BEL,DF,20
1140,Simone Romagnoli,ITA,DF,32
1141,Jasper Samooja,FIN,GK,19
1142,Davide Frattesi,ITA,MF,23
1143,Andrea Consigli,ITA,GK,36
1144,Rogério,BRA,DF,25
1145,Jeremy Toljan,GER,DF,28
1146,Gian Marco Ferrari,ITA,DF,30
1147,Andrea Pinamonti,ITA,FW,23
1148,Armand Lauriente,FRA,FW,24
1149,Martin Erlic,CRO,DF,25
1150,Maxime Lopez,FRA,MF,25
1151,Kristian Thorstvedt,NOR,MF,23
1152,Domenico Berardi,ITA,FW,28
1153,Giorgos Kyriakopoulos,GRE,"FW,DF",27
1154,Pedro Obiang,EQG,MF,30
1155,Matheus Henrique,BRA,MF,25
1156,Hamed Junior Traorè,CIV,"MF,FW",22
1157,Ruan,BRA,DF,23
1158,Kaan Ayhan,TUR,DF,28
1159,Luca D'Andrea,ITA,FW,18
1160,Grégoire Defrel,MTQ,FW,31
1161,Emil Ceide,NOR,FW,21
1162,Abdou Harroui,NED,MF,25
1163,Gianluca Pegolo,ITA,GK,41
1164,Agustín Álvarez Martínez,URU,"FW,MF",21
1165,Riccardo Marchizza,ITA,DF,24
1166,Nadir Zortea,ITA,DF,23
1167,Mert Müldür,TUR,DF,23
1168,Janis Antiste,FRA,FW,20
1169,Giacomo Raspadori,ITA,FW,22
1170,Nedim Bajrami,ALB,MF,23
1171,Filippo Romagna,ITA,DF,25
1172,Alessandro Russo,ITA,GK,21
1173,Gioele Zacchi,ITA,GK,19
1174,Lassana Coulibaly,MLI,MF,26
1175,Antonio Candreva,ITA,"DF,MF",35
1176,Tonny Vilhena,NED,MF,28
1177,Boulaye Dia,SEN,FW,26
1178,Luigi Sepe,ITA,GK,31
1179,Pasquale Mazzocchi,ITA,DF,27
1180,Dylan Bronn,TUN,DF,27
1181,Krzysztof Piątek,POL,FW,27
1182,Federico Fazio,ARG,DF,35
1183,Flavius Daniliuc,AUT,DF,21
1184,Norbert Gyömbér,SVK,DF,30
1185,Domagoj Bradarić,CRO,DF,23
1186,Federico Bonazzoli,ITA,FW,25
1187,Giulio Maggiore,ITA,MF,24
1188,Ivan Radovanović,SRB,"MF,DF",34
1189,Lorenzo Pirola,ITA,DF,20
1190,Guillermo Ochoa,MEX,GK,37
1191,Hans Nicolussi Caviglia,ITA,MF,22
1192,Matteo Lovato,ITA,DF,22
1193,Emil Bohinen,NOR,MF,23
1194,Erik Botheim,NOR,FW,23
1195,Junior Sambia,FRA,"DF,MF",26
1196,Grigoris Kastanos,CYP,"MF,DF",25
1197,William Troost-Ekong,NGA,DF,29
1198,Diego Valencia,CHI,"MF,FW",23
1199,Domen Črnigoj,SVN,"MF,FW",27
1200,Franck Ribéry,FRA,MF,39
1201,Julian Kristoffersen,NOR,FW,25
1202,Reda Boultam,NED,MF,24
1203,Leonardo Capezzi,ITA,MF,27
1204,Jacopo De Matteis,ITA,GK,20
1205,Vincenzo Fiorillo,ITA,GK,33
1206,Antonio Iervolino,ITA,MF,20
1207,Paweł Jaroszyński,POL,"DF,MF",28
1208,Wajdi Kechrida,TUN,DF,27
1209,Alessandro Micai,ITA,GK,29
1210,Andrei Motoc,ROU,MF,20
1211,Andrea Sorrentino,ITA,GK,18
1212,Freddie Veseli,ALB,DF,30
1213,Mehdi Bourabia,MAR,MF,31
1214,Bartłomiej Drągowski,POL,GK,25
1215,Dimitris Nikolaou,GRE,DF,24
1216,M'Bala Nzola,ANG,FW,26
1217,Emmanuel Gyasi,GHA,"FW,DF",29
1218,Jakub Kiwior,POL,DF,22
1219,Emil Holm,SWE,DF,22
1220,Ethan Ampadu,WAL,"DF,MF",22
1221,Kevin Agudelo,COL,"MF,FW",24
1222,Arkadiusz Reca,POL,DF,27
1223,Simone Bastoni,ITA,"MF,DF",26
1224,Mattia Caldara,ITA,DF,28
1225,Kelvin Amian,FRA,DF,25
1226,Albin Ekdal,SWE,MF,33
1227,Viktor Kovalenko,UKR,MF,26
1228,Daniele Verde,ITA,"FW,MF",26
1229,Petko Hristov,BUL,DF,23
1230,Jeroen Zoet,NED,GK,32
1231,Daniel Maldini,ITA,"FW,MF",21
1232,Mikael Ellertsson,ISL,"MF,DF",20
1233,Dávid Strelec,SVK,FW,21
1234,Salvatore Esposito,ITA,MF,22
1235,Jacopo Sala,ITA,MF,31
1236,Eldor Shomurodov,UZB,FW,27
1237,Salvador Ferrer,ESP,DF,25
1238,Petar Zovko,BIH,GK,20
1239,João Moutinho,POR,"DF,FW",25
1240,Tio Cipot,SVN,"DF,FW",19
1241,Leandro Sanca,POR,"FW,MF",23
1242,Raimonds Krollis,LVA,FW,21
1243,Julius Beck,DEN,MF,17
1244,Szymon Żurkowski,POL,MF,25
1245,Przemysław Wiśniewski,POL,DF,24
1246,Nicolò Bertola,ITA,DF,19
1247,Pietro Candelari,ITA,MF,18
1248,Elio Capradossi,ITA,DF,26
1249,Leonardo Dido,ITA,GK,19
1250,Simone Giorgeschi,ITA,DF,18
1251,Emil Kornvig,DEN,MF,22
1252,Federico Marchetti,ITA,GK,40
1253,Aurélien Nguiamba,FRA,MF,24
1254,Leonardo Pedicillo,ITA,MF,20
1255,Suf Podgoreanu,ISR,FW,21
1256,Aimar Sher,SWE,MF,20
1257,Lorenzo Montipò,ITA,GK,26
1258,Adrien Tameze,CMR,MF,29
1259,Darko Lazović,SRB,"DF,MF",32
1260,Isak Hien,SWE,DF,24
1261,Federico Ceccherini,ITA,DF,30
1262,Fabio Depaoli,ITA,DF,25
1263,Thomas Henry,FRA,FW,28
1264,Kevin Lasagna,ITA,"FW,MF",30
1265,Koray Günter,GER,DF,28
1266,Josh Doig,SCO,DF,20
1267,Ivan Ilić,SRB,MF,21
1268,Miguel Veloso,POR,MF,36
1269,Paweł Dawidowicz,POL,DF,27
1270,Milan Đurić,BIH,FW,32
1271,Diego Coppola,ITA,DF,19
1272,Davide Faraoni,ITA,DF,31
1273,Yayah Kallon,SLE,"MF,FW",21
1274,Martin Hongla,CMR,MF,24
1275,Simone Verdi,ITA,MF,30
1276,Filippo Terracciano,ITA,"DF,MF",20
1277,Giangiacomo Magnani,ITA,DF,27
1278,Ibrahim Sulemana,GHA,MF,19
1279,Ajdin Hrustic,AUS,MF,26
1280,Roberto Piccoli,ITA,FW,22
1281,Ondrej Duda,SVK,MF,28
1282,Panagiotis Retsos,GRE,DF,24
1283,Cyril Ngonge,BEL,"FW,MF",22
1284,Jayden Braaf,NED,MF,20
1285,Bruno Amione,ARG,DF,21
1286,Juan Cabal,COL,DF,22
1287,Antonín Barák,CZE,MF,28
1288,Adolfo Gaich,ARG,FW,23
1289,Oliver Abildgaard,DEN,MF,26
1290,Alessandro Cortinovis,ITA,MF,22
1291,Alessandro Berardi,ITA,GK,32
1292,Davide Bragantini,ITA,FW,19
1293,Mattia Chiesa,ITA,GK,22
1294,Joselito,ESP,MF,18
1295,Simone Perilli,ITA,GK,28
1296,Mateusz Praszelik,POL,MF,22
1297,Deyovaisio Zeefuik,NED,DF,24
1298,Emil Audero,ITA,GK,26
1299,Tommaso Augello,ITA,DF,28
1300,Filip Đuričić,SRB,"MF,FW",31
1301,Mehdi Léris,ALG,"MF,DF",24
1302,Tomás Rincón,VEN,MF,35
1303,Omar Colley,GAM,DF,30
1304,Bartosz Bereszyński,POL,DF,30
1305,Francesco Caputo,ITA,FW,35
1306,Manolo Gabbiadini,ITA,"FW,MF",31
1307,Abdelhamid Sabiri,MAR,"MF,FW",26
1308,Alex Ferrari,ITA,DF,28
1309,Bruno Amione,ARG,DF,21
1310,Ronaldo Vieira,GNB,MF,24
1311,Gonzalo Villar,ESP,MF,24
1312,Jeison Murillo,COL,DF,30
1313,Valerio Verre,ITA,MF,29
1314,Bram Nuytinck,NED,DF,32
1315,Sam Lammers,NED,FW,25
1316,Nicola Murru,ITA,DF,28
1317,Harry Winks,ENG,MF,27
1318,Daniele Montevago,ITA,FW,19
1319,Fabio Quagliarella,ITA,FW,40
1320,Gerard Yepes,ESP,MF,20
1321,Ignacio Pussetto,ARG,"MF,DF",27
1322,Fabio Depaoli,ITA,"DF,MF",25
1323,Mickaël Cuisance,FRA,MF,23
1324,Alessandro Zanoli,ITA,"DF,MF",22
1325,Flavio Paoletti,ITA,MF,20
1326,Manuel De Luca,ITA,FW,24
1327,Andrea Conti,ITA,DF,28
1328,Lorenzo Malagrida,ITA,MF,19
1329,Nikita Contini Baranovsky,ITA,GK,26
1330,Emirhan İlkhan,TUR,MF,18
1331,Maxime Leverbe,FRA,DF,25
1332,Nicola Ravaglia,ITA,GK,34
1333,Telasco Segovia,VEN,MF,19
1334,Elia Tantalocchi,ITA,GK,18
1335,Simone Trimboli,ITA,MF,20
1336,Martin Turk,SVN,GK,19
1337,Lorenzo Villa,ITA,DF,19
1338,Emanuele Valeri,ITA,"DF,FW",24
1339,David Okereke,NGA,"FW,MF",25
1340,Charles Pickel,SUI,MF,25
1341,Leonardo Sernicola,ITA,DF,25
1342,Cyriel Dessers,NGA,FW,28
1343,Soualiho Meïté,FRA,MF,28
1344,Luka Lochoshvili,GEO,DF,24
1345,Matteo Bianchetti,ITA,DF,29
1346,Marco Carnesecchi,ITA,GK,22
1347,Emanuel Aiwum,AUT,DF,22
1348,Ionuț Radu,ROU,GK,25
1349,Luca Zanimacchia,ITA,"MF,FW",24
1350,Vlad Chiricheș,ROU,DF,33
1351,Santiago Ascacíbar,ARG,MF,25
1352,Michele Castagnetti,ITA,MF,33
1353,Gonzalo Escalante,ARG,MF,29
1354,Johan Vásquez,MEX,DF,24
1355,Paolo Ghiglione,ITA,DF,26
1356,Daniel Ciofani,ITA,FW,37
1357,Alex Ferrari,ITA,DF,28
1358,Giacomo Quagliata,ITA,DF,22
1359,Cristian Buonaiuto,ITA,"MF,FW",30
1360,Felix Afena-Gyan,GHA,"FW,MF",20
1361,Jack Hendry,SCO,DF,27
1362,Frank Tsadjout,ITA,"FW,MF",23
1363,Marco Benassi,ITA,MF,28
1364,Jaime Báez,URU,DF,27
1365,Pablo Galdames Millán,CHI,DF,26
1366,Samuel Di Carmine,ITA,"FW,MF",34
1367,Tommaso Milanese,ITA,MF,20
1368,Christian Acella,ITA,MF,20
1369,Dorian Ciężkowski,POL,GK,21
1370,Maissa Ndiaye,SEN,DF,21
1371,Luca Ravanelli,ITA,DF,26
1372,Gianluca Saro,ITA,GK,22
1373,Mouhamadou Sarr,SEN,GK,26
1374,Marc-André ter Stegen,GER,GK,30
1375,Pedri,ESP,"MF,FW",20
1376,Robert Lewandowski,POL,FW,34
1377,Sergio Busquets,ESP,MF,34
1378,Gavi,ESP,"MF,FW",18
1379,Alejandro Balde,ESP,DF,19
1380,Frenkie de Jong,NED,MF,25
1381,Ousmane Dembélé,FRA,FW,25
1382,Jules Koundé,FRA,DF,24
1383,Raphinha,BRA,FW,26
1384,Ronald Araújo,URU,DF,23
1385,Jordi Alba,ESP,DF,33
1386,Eric García,ESP,DF,22
1387,Andreas Christensen,DEN,DF,26
1388,Ansu Fati,ESP,FW,20
1389,Ferrán Torres,ESP,FW,22
1390,Marcos Alonso,ESP,DF,32
1391,Sergi Roberto,ESP,DF,31
1392,Gerard Piqué,ESP,DF,36
1393,Franck Kessié,CIV,MF,26
1394,Memphis,NED,FW,28
1395,Héctor Bellerín,ESP,DF,27
1396,Pablo Torre,ESP,FW,19
1397,Pierre-Emerick Aubameyang,GAB,FW,33
1398,Chadi Riad,ESP,MF,19
1399,Arnau Tenas,ESP,GK,21
1400,Ángel Alarcón,ESP,FW,18
1401,Ander Astralaga,ESP,GK,18
1402,Marc Casado,ESP,MF,19
1403,Iñaki Peña,ESP,GK,23
1404,Miralem Pjanić,BIH,MF,32
1405,Vinicius Júnior,BRA,FW,22
1406,Federico Valverde,URU,"FW,MF",24
1407,David Alaba,AUT,DF,30
1408,Thibaut Courtois,BEL,GK,30
1409,Toni Kroos,GER,MF,33
1410,Éder Militão,BRA,DF,25
1411,Ferland Mendy,FRA,DF,27
1412,Antonio Rüdiger,GER,DF,29
1413,Luka Modrić,CRO,MF,37
1414,Aurélien Tchouaméni,FRA,MF,23
1415,Rodrygo,BRA,FW,22
1416,Dani Carvajal,ESP,DF,31
1417,Karim Benzema,FRA,FW,35
1418,Eduardo Camavinga,FRA,"MF,DF",20
1419,Dani Ceballos,ESP,MF,26
1420,Nacho,ESP,DF,33
1421,Marco Asensio,ESP,"FW,MF",27
1422,Andriy Lunin,UKR,GK,23
1423,Lucas Vázquez,ESP,DF,31
1424,Eden Hazard,BEL,FW,32
1425,Mariano,DOM,FW,29
1426,Casemiro,BRA,MF,30
1427,Lucas Cañizars,ESP,GK,20
1428,Luis López,ESP,GK,21
1429,Mario Martín,ESP,MF,18
1430,Álvaro Muñoz,URU,FW,18
1431,Álvaro Odriozola,ESP,DF,27
1432,Diego Piñeiro,ESP,GK,18
1433,Jesús Vallejo,ESP,DF,26
1434,Álex Remiro,ESP,GK,27
1435,Martín Zubimendi,ESP,MF,24
1436,Brais Méndez,ESP,MF,26
1437,Alexander Sørloth,NOR,FW,27
1438,Robin Le Normand,FRA,DF,26
1439,Mikel Merino,ESP,MF,26
1440,Takefusa Kubo,JPN,"FW,MF",21
1441,David Silva,ESP,MF,37
1442,Igor Zubeldia,ESP,DF,25
1443,Aritz Elustondo,ESP,DF,28
1444,Diego Rico,ESP,DF,29
1445,Aihen Muñoz,ESP,DF,25
1446,Andoni Gorosabel,ESP,DF,26
1447,Jon Pacheco,ESP,DF,22
1448,Asier Illarramendi,ESP,MF,32
1449,Carlos Fernández,ESP,FW,26
1450,Pablo Marín,ESP,"MF,FW",19
1451,Mohamed Ali Cho,FRA,FW,19
1452,Alex Sola,ESP,DF,23
1453,Ander Barrenetxea,ESP,"FW,DF",21
1454,Alexander Isak,SWE,FW,23
1455,Roberto Navarro,ESP,"MF,FW",20
1456,Mikel Oyarzabal,ESP,"FW,MF",25
1457,Ander Guevara,ESP,MF,25
1458,Beñat Turrientes,ESP,"MF,FW",21
1459,Umar Sadiq,NGA,FW,26
1460,Jon Karrikaburu,ESP,FW,20
1461,Jon Magunacelaya,ESP,"MF,FW",22
1462,Olasagasti,ESP,"MF,DF",22
1463,Ander Martin,ESP,"MF,FW",22
1464,Egoitz Arana,ESP,GK,20
1465,Jonathan Gomez,USA,DF,19
1466,Urko González,ESP,DF,21
1467,Unai Marrero,ESP,GK,21
1468,Andoni Zubiaurre,ESP,GK,26
1469,Reinildo Mandava,MOZ,DF,29
1470,Jan Oblak,SVN,GK,30
1471,Nahuel Molina,ARG,DF,24
1472,Álvaro Morata,ESP,FW,30
1473,Axel Witsel,BEL,"DF,MF",34
1474,Antoine Griezmann,FRA,"FW,MF",31
1475,Stefan Savić,MNE,DF,32
1476,Koke,ESP,MF,31
1477,Marcos Llorente,ESP,"MF,DF",28
1478,José María Giménez,URU,DF,28
1479,Rodrigo De Paul,ARG,MF,28
1480,Yannick Carrasco,BEL,"DF,MF",29
1481,Geoffrey Kondogbia,CTA,MF,29
1482,Thomas Lemar,FRA,MF,27
1483,Ángel Correa,ARG,"MF,FW",27
1484,João Félix,POR,"FW,MF",23
1485,Saúl Ñíguez,ESP,"MF,DF",28
1486,Mario Hermoso,ESP,DF,27
1487,Pablo Barrios,ESP,MF,19
1488,Matheus Cunha,BRA,"FW,MF",23
1489,Ivo Grbić,CRO,GK,27
1490,Felipe,BRA,DF,33
1491,Sergio Reguilón,ESP,DF,26
1492,Memphis,NED,FW,28
1493,Adrián Corral,ESP,DF,20
1494,Sergio Diez Roldan,ESP,DF,19
1495,Matt Doherty,IRL,"DF,MF",31
1496,Aitor Gismera,ESP,MF,18
1497,Antonio Gomis,ESP,GK,19
1498,Alejandro Iturbe,ESP,GK,19
1499,Renan Lodi,BRA,DF,24
1500,Carlos Martín,ESP,FW,20
1501,Sergio Mestre,ESP,GK,17
1502,Alberto Moreno,ESP,MF,20
1503,Marco Moreno,ESP,DF,21
1504,Iván Balliu,ALB,DF,31
1505,Francisco Garcia,ESP,DF,23
1506,Catena,ESP,DF,28
1507,Stole Dimitrievski,MKD,GK,29
1508,Isaac Palazón Camacho,ESP,"FW,MF",28
1509,Florian Lejeune,FRA,DF,31
1510,Álvaro García,ESP,"FW,MF",30
1511,Sergio Camello,ESP,FW,21
1512,Óscar Trejo,ARG,"MF,FW",34
1513,Óscar Valentín,ESP,MF,28
1514,Santi Comesaña,ESP,MF,26
1515,Pathé Ciss,SEN,"MF,DF",28
1516,Unai López,ESP,MF,27
1517,Radamel Falcao,COL,"FW,MF",36
1518,Salvi,ESP,"FW,MF",31
1519,Abdul Mumin,GHA,DF,24
1520,Andrés Martín,ESP,FW,23
1521,Diego López,ESP,GK,41
1522,José Pozo,ESP,MF,26
1523,Randy Ntekja,FRA,"FW,MF",25
1524,Pep Chavarría,ESP,"FW,DF",24
1525,Bebé,CPV,FW,32
1526,Raúl de Tomás,ESP,FW,28
1527,Pablo Muñoz,ESP,MF,19
1528,Mario Suárez,ESP,"DF,MF",35
1529,Mario Hernández,ESP,FW,24
1530,Diego Méndez,ESP,MF,19
1531,Esteban Saveljich,MNE,FW,31
1532,Morro,ESP,GK,22
1533,Daniel Parejo,ESP,MF,33
1534,Pau Torres,ESP,DF,26
1535,Raúl Albiol,ESP,DF,37
1536,Gerónimo Rulli,ARG,GK,30
1537,Étienne Capoue,FRA,MF,34
1538,Yeremi Pino,ESP,"MF,FW",20
1539,Samuel Chukwueze,NGA,"FW,MF",23
1540,Gerard Moreno,ESP,FW,30
1541,Alex Baena,ESP,"MF,FW",21
1542,Kiko Femenía,ESP,DF,32
1543,Alfonso Pedraza,ESP,DF,26
1544,Nicolas Jackson,SEN,FW,21
1545,Francis Coquelin,FRA,MF,31
1546,Giovani Lo Celso,ARG,"MF,FW",26
1547,Juan Foyth,ARG,DF,25
1548,Alberto Moreno,ESP,"DF,FW",30
1549,Arnaut Danjuma,NED,FW,26
1550,Pepe Reina,ESP,GK,40
1551,Aïssa Mandi,ALG,DF,31
1552,José Luis Morales,ESP,"FW,MF",35
1553,Johan Mojica,COL,DF,30
1554,Jorge Cuenca,ESP,DF,23
1555,Manu Trigueros,ESP,"MF,FW",31
1556,Manu Morlanes,ESP,MF,24
1557,Filip Jörgensen,DEN,GK,20
1558,Mamadou Fall,SEN,DF,20
1559,Fernando Niño,ESP,MF,22
1560,Diego Collado,ESP,FW,22
1561,Alberto Del Moral,ESP,MF,22
1562,Iker Álvarez,AND,GK,21
1563,Carlo,ESP,MF,21
1564,Pervis Estupiñán,ECU,DF,25
1565,Ramón Terrats,ESP,MF,22
1566,Borja Iglesias,ESP,FW,30
1567,Rui Silva,POR,GK,29
1568,William Carvalho,POR,MF,30
1569,Guido Rodríguez,ARG,MF,28
1570,Sergio Canales,ESP,"MF,FW",31
1571,Germán Pezzella,ARG,DF,31
1572,Álex Moreno,ESP,DF,29
1573,Luiz Henrique,BRA,FW,22
1574,Édgar González,ESP,DF,25
1575,Rodrigo,ESP,"FW,MF",22
1576,Youssouf Sabaly,SEN,DF,29
1577,Nabil Fekir,FRA,MF,29
1578,Luiz Felipe,ITA,DF,25
1579,Aitor Ruibal,ESP,"DF,FW",26
1580,Andrés Guardado,MEX,"MF,FW",36
1581,Juanmi,ESP,FW,29
1582,Víctor Ruiz,ESP,DF,34
1583,Juan Miranda,ESP,DF,23
1584,Claudio Bravo,CHI,GK,39
1585,Martín Montoya,ESP,DF,31
1586,Willian José,BRA,FW,31
1587,Paul Akouokou,CIV,MF,25
1588,Abner,BRA,DF,22
1589,Joaquín,ESP,"MF,FW",41
1590,Juan Cruz,ESP,FW,22
1591,Felix Garreta,ESP,DF,18
1592,Roberto González,ESP,"FW,MF",22
1593,Ayoze Pérez,ESP,FW,29
1594,Loren Morón,ESP,FW,29
1595,Fran Delgado,ESP,DF,21
1596,José Alonso Lara,ESP,MF,22
1597,Daniel Martín,ESP,GK,24
1598,Ricardo Visus,ESP,DF,21
1599,Unai Simón,ESP,GK,25
1600,Nico Williams,ESP,"FW,MF",20
1601,Óscar de Marcos,ESP,DF,33
1602,Iñaki Williams,GHA,FW,28
1603,Oihan Sancet,ESP,MF,22
1604,Yeray Álvarez,ESP,DF,28
1605,Mikel Vesga,ESP,MF,29
1606,Álex Berenguer,ESP,FW,27
1607,Daniel Vivian,ESP,DF,23
1608,Iker Muniain,ESP,MF,30
1609,Iñigo Lekue,ESP,DF,29
1610,Yuri Berchiche,ESP,DF,32
1611,Iñigo Martínez,ESP,DF,31
1612,Dani García,ESP,MF,32
1613,Gorka Guruzeta,ESP,"FW,MF",26
1614,Ander Herrera,ESP,MF,33
1615,Raúl García,ESP,"FW,MF",36
1616,Oier Zarraga,ESP,MF,24
1617,Aitor Paredes,ESP,DF,22
1618,Asier Villalibre,ESP,FW,25
1619,Unai Vencedor Paris,ESP,MF,22
1620,Jon Morcillo,ESP,"FW,MF",24
1621,Mikel Balenziaga,ESP,DF,34
1622,Ander Capa,ESP,"MF,FW",31
1623,Malcom Abdulai Ares Djalo,ESP,FW,21
1624,Julen Agirrezabala,ESP,GK,22
1625,Iru,ESP,GK,24
1626,Peru Nolaskoain,ESP,"DF,MF",24
1627,Moi Gómez,ESP,"MF,FW",28
1628,Lucas Torró,ESP,MF,28
1629,David García,ESP,DF,28
1630,Ezequiel Ávila,ARG,"FW,MF",29
1631,Unai García,ESP,DF,31
1632,Juan Cruz Armada,ESP,DF,30
1633,Jon Moncayola,ESP,"MF,FW",24
1634,Aimar Oroz,ESP,"MF,FW",21
1635,Ante Budimir,CRO,FW,31
1636,Aitor Fernández,ESP,GK,31
1637,Sergio Herrera,ESP,GK,29
1638,Nacho Vidal,ESP,DF,28
1639,Manuel Sánchez,ESP,DF,22
1640,Abdessamad Ezzalzouli,MAR,"FW,MF",21
1641,Rubén Peña,ESP,"DF,MF",31
1642,Darko Brašanac,SRB,MF,30
1643,Aridane Hernández,EQG,DF,33
1644,Rubén García,ESP,"MF,FW",29
1645,Diego Moreno,ESP,DF,21
1646,Kike Barja,ESP,"FW,MF",25
1647,Kike,ESP,FW,33
1648,Pablo Ibáñez,ESP,MF,24
1649,Roberto Torres,ESP,"FW,MF",33
1650,Iker Benito,ESP,FW,20
1651,Jorge Herrando,ESP,DF,21
1652,Javi Martínez,ESP,MF,23
1653,Juan Pérez,ESP,GK,26
1654,Dario Ramos,ESP,GK,23
1655,Predrag Rajković,SRB,GK,27
1656,Antonio Raillo,ESP,DF,31
1657,Vedat Muriqi,KVX,FW,28
1658,Martin Valjent,SVK,DF,27
1659,Jaume Costa,ESP,DF,34
1660,Pablo Maffeo,ESP,DF,25
1661,Lee Kangin,KOR,"MF,FW",21
1662,Copete,ESP,DF,23
1663,Iñigo Ruiz de Galarreta,ESP,MF,29
1664,Dani Rodríguez,ESP,MF,34
1665,Iddrisu Baba,GHA,MF,27
1666,Rodrigo Battaglia,ARG,MF,31
1667,Antonio Sánchez,ESP,MF,26
1668,Clément Grenier,FRA,MF,32
1669,Giovanni González,URU,DF,28
1670,Matija Nastasić,SRB,DF,29
1671,Amath,SEN,"MF,FW",26
1672,Braian Cufré,ARG,DF,26
1673,Franco Russo,ARG,DF,28
1674,Ángel Rodríguez,ESP,"FW,MF",35
1675,Abdón Prats,ESP,"FW,MF",30
1676,Tino Kadewere,ZIM,"FW,MF",27
1677,Lago Junior,CIV,"FW,MF",32
1678,Javier Llabrés,ESP,FW,20
1679,Josep Antoni Gayá,ESP,DF,22
1680,Ludwig Augustinsson,SWE,"DF,MF",28
1681,Dominik Greif,SVK,GK,25
1682,Dennis Hadzikadunic,BIH,DF,24
1683,Pere Joan,ESP,GK,20
1684,Miguel Llabrés,ESP,MF,23
1685,Manu Morlanes,ESP,MF,24
1686,Leonardo Román,ESP,GK,22
1687,Aleix García,ESP,MF,25
1688,Santiago Bueno,URU,DF,24
1689,Valentín Castellanos,ARG,FW,24
1690,Miguel Gutiérrez,ESP,DF,21
1691,Oriol Romeu,ESP,MF,31
1692,Arnau Martinez,ESP,DF,19
1693,Rodrigo Riquelme,ESP,"MF,FW",22
1694,David López,ESP,DF,33
1695,Juan Carlos,ESP,GK,35
1696,Paulo Gazzaniga,ARG,GK,31
1697,Yangel Herrera,VEN,"MF,FW",25
1698,Bernardo Espinosa,COL,DF,33
1699,Juanpe,ESP,DF,31
1700,Yan Couto,BRA,"DF,MF",20
1701,Toni Villa,ESP,"MF,FW",28
1702,Cristhian Stuani,URU,FW,36
1703,Valery,ESP,"MF,DF",23
1704,Iván Martín,ESP,"MF,FW",23
1705,Javi,ESP,DF,24
1706,Reinier,BRA,"MF,FW",21
1707,Ramón Terrats,ESP,MF,22
1708,Manu Vallejo,ESP,"FW,MF",25
1709,Samuel Sáiz,ESP,MF,32
1710,Oscar Ureña,ESP,MF,20
1711,Borja García,ESP,"FW,MF",32
1712,Joel Roca,ESP,"MF,FW",17
1713,Viktor Tsyhankov,UKR,MF,25
1714,Ricard Artero,ESP,MF,20
1715,Alexander Callens,PER,DF,30
1716,Biel Farres,ESP,DF,20
1717,Toni Fuidias,ESP,GK,21
1718,Matas,ESP,GK,21
1719,Eric Monjonell,ESP,DF,21
1720,Álex Sala,ESP,MF,21
1721,Pau Victor Delgado,ESP,FW,21
1722,Joseph Aidoo,GHA,DF,27
1723,Javi Galán,ESP,DF,28
1724,Agustín Marchesín,ARG,GK,34
1725,Unai Núñez,ESP,DF,26
1726,Iago Aspas,ESP,FW,35
1727,Fran Beltrán,ESP,MF,24
1728,Franco Cervi,ARG,MF,28
1729,Hugo Mallo,ESP,DF,31
1730,Óscar Rodríguez Arnaiz,ESP,MF,24
1731,Gabriel Veiga,ESP,MF,20
1732,Jørgen Strand Larsen,NOR,FW,23
1733,Óscar Mingueza,ESP,DF,23
1734,Carles Pérez,ESP,"MF,FW",24
1735,Renato Tapia,PER,MF,27
1736,Gonçalo Paciência,POR,FW,28
1737,Luca de la Torre,USA,MF,24
1738,Augusto Solari,ARG,"MF,FW",31
1739,Kevin Vázquez,ESP,"MF,DF",29
1740,Iván Villar,ESP,GK,25
1741,Pablo Durán,ESP,"MF,DF",22
1742,Williot Swedberg,SWE,MF,19
1743,Haris Seferović,SUI,MF,30
1744,Carlos Dominguez,ESP,MF,21
1745,Hugo Álvarez,ESP,DF,19
1746,Miguel Baeza,ESP,MF,22
1747,Coke Carrillo,ESP,GK,21
1748,Martín Conde,ESP,DF,19
1749,Francisco Lopez,ESP,FW,21
1750,Fernando Medrano,ESP,DF,22
1751,Miguel Rodríguez,ESP,FW,19
1752,Christian Sánchez,CUB,GK,23
1753,Javi Sánchez,ESP,DF,25
1754,Jordi Masip,ESP,GK,34
1755,Kike Pérez,ESP,MF,25
1756,Joaquín Fernández,ESP,DF,26
1757,Roque Mesa,ESP,MF,33
1758,Óscar Plano,ESP,"FW,MF",31
1759,Álvaro Aguado,ESP,MF,26
1760,Monchu,ESP,MF,23
1761,Sergio León,ESP,FW,34
1762,Sergio Escudero,ESP,DF,33
1763,Gonzalo Plata,ECU,"FW,MF",22
1764,Lucas Olaza,URU,DF,28
1765,Iván Sánchez,ESP,"MF,FW",30
1766,Sergi Guardiola,ESP,FW,31
1767,Iván Fresneda,ESP,DF,18
1768,Luis Pérez,ESP,DF,28
1769,Jawad El Yamiq,MAR,DF,30
1770,Lucas Oliveira Rosa,BRA,DF,22
1771,Shon Weissman,ISR,FW,26
1772,Sergio Asenjo,ESP,GK,33
1773,Zouhair Feddal,MAR,DF,34
1774,Anuar,MAR,"MF,FW",28
1775,Darwin Machís,VEN,FW,30
1776,Juanjo Narváez,COL,"MF,FW",27
1777,David Torres,ESP,DF,19
1778,Toni Villa,ESP,MF,28
1779,Martin Hongla,CMR,DF,24
1780,Kenedy,BRA,"FW,MF",27
1781,Mickael Malsa,MTQ,MF,27
1782,Cyle Larin,CAN,FW,27
1783,Sékou Gassama,SEN,FW,27
1784,Roberto Arroyo,ESP,MF,19
1785,Álvaro Aceves,ESP,GK,19
1786,Selim Amallah,MAR,"FW,MF",26
1787,Diego Moreno,ESP,DF,21
1788,Sergio Akieme,ESP,DF,25
1789,Fernando,ESP,GK,32
1790,Rodrigo Ely,BRA,DF,29
1791,Lucas Robertone,ARG,MF,25
1792,Srđan Babić,SRB,DF,26
1793,Gonzalo Melero,ESP,MF,29
1794,Léo Baptistão,BRA,"FW,MF",30
1795,Largie Ramazani,BEL,"FW,MF",21
1796,Samu Costa,POR,MF,22
1797,El Bilal Touré,MLI,FW,21
1798,Alejandro Pozo Pozo,ESP,DF,23
1799,César de la Hoz,ESP,MF,30
1800,Adri Embarba,ESP,"FW,MF",30
1801,Houboulang Mendes,FRA,DF,24
1802,Juan Brandáriz,ESP,DF,23
1803,Íñigo Eguaras,ESP,MF,30
1804,Kaiky,BRA,DF,19
1805,Umar Sadiq,NGA,FW,26
1806,Luis Javier Suárez,COL,FW,25
1807,Dyego Sousa,POR,FW,33
1808,Lázaro,BRA,"MF,FW",20
1809,Francisco Portillo,ESP,"MF,FW",32
1810,Arnau Puigmal,ESP,"MF,DF",22
1811,Fernando Pacheco,ESP,GK,30
1812,Curro,ESP,MF,27
1813,José Carlos Lazo,ESP,"MF,FW",26
1814,Marko Milovanović,SRB,FW,19
1815,Álex Centelles,ESP,DF,25
1816,Arvin Appiah,ENG,MF,22
1817,Diego Fuoli,ESP,GK,25
1818,Gui Guedes,POR,MF,20
1819,Carlos Rojas,ESP,FW,20
1820,Martin Šviderský,SVK,MF,20
1821,Sergi Darder,ESP,MF,29
1822,Joselu,ESP,FW,32
1823,Brian Oliván,ESP,DF,28
1824,Leandro Cabrera,URU,DF,31
1825,Vinicius Souza,BRA,MF,23
1826,Óscar Gil,ESP,DF,25
1827,Martin Braithwaite,DEN,"FW,MF",31
1828,Fernando Calero,ESP,"DF,MF",27
1829,Javi Puado,ESP,"FW,MF",24
1830,Sergi Gómez,ESP,DF,30
1831,Edu Expósito,ESP,MF,26
1832,Álvaro Fernández,ESP,GK,24
1833,Benjamin Lecomte,FRA,GK,31
1834,Aleix Vidal,ESP,"MF,FW",33
1835,Nico Ribaudo,ESP,"FW,MF",21
1836,César Montes,MEX,DF,25
1837,Rubén,ESP,"DF,MF",22
1838,Keidi Bare,ALB,MF,25
1839,Omar El Hilali,MAR,"DF,MF",19
1840,Ronaël Pierre-Gabriel,FRA,DF,24
1841,José Carlos Lazo,ESP,"MF,FW",26
1842,Dani Gómez,ESP,"MF,FW",24
1843,Wassim Boullif,ESP,"DF,MF",18
1844,Adri Embarba,ESP,FW,30
1845,José Gragera,ESP,MF,22
1846,Denis Suárez,ESP,MF,29
1847,Luca Koleosho,CAN,"FW,DF",18
1848,Pol Lozano,ESP,MF,23
1849,Roger Martínez,ESP,DF,18
1850,Nabil Touaizi,MAR,MF,22
1851,Fortuño,ESP,GK,21
1852,Joan García,ESP,GK,21
1853,Fernando Pacheco,ESP,GK,30
1854,Daniel Villahermosa,ESP,MF,22
1855,Yassine Bounou,MAR,GK,31
1856,Óliver Torres,ESP,"MF,FW",28
1857,Nemanja Gudelj,SRB,"DF,MF",31
1858,Joan Jordán,ESP,MF,28
1859,Érik Lamela,ARG,"FW,MF",30
1860,Marcos Acuña,ARG,DF,31
1861,Jesús Navas,ESP,"DF,FW",37
1862,Ivan Rakitić,CRO,MF,34
1863,Fernando,BRA,"MF,DF",35
1864,Tanguy Nianzou,FRA,DF,20
1865,Isco,ESP,"MF,FW",30
1866,Gonzalo Montiel,ARG,DF,26
1867,Rafa Mir,ESP,FW,25
1868,Karim Rekik,NED,DF,28
1869,Alex Telles,BRA,DF,30
1870,Youssef En-Nesyri,MAR,"FW,MF",25
1871,Papu Gómez,ARG,"MF,FW",34
1872,Carmona,ESP,DF,21
1873,Enrique Valiente,ESP,DF,20
1874,Marcão,BRA,DF,26
1875,Loïc Bade,FRA,DF,22
1876,Thomas Delaney,DEN,MF,31
1877,Lucas Ocampos,ARG,"FW,MF",28
1878,Marko Dmitrović,SRB,GK,31
1879,Kasper Dolberg,DEN,FW,25
1880,Suso,ESP,"FW,MF",29
1881,Pape Gueye,SEN,MF,24
1882,Jesús Corona,MEX,FW,30
1883,Adnan Januzaj,BEL,FW,28
1884,Bryan,ESP,MF,21
1885,Iván Romero,ESP,MF,21
1886,Carlos Álvarez,ESP,FW,19
1887,Pedro Ortiz,ESP,MF,22
1888,Matías Árbol,ESP,GK,20
1889,Munir El Haddadi,MAR,"FW,MF",27
1890,Diego Iturralde,ESP,DF,19
1891,Alberto López,ESP,GK,19
1892,Nacho Quintana,ESP,MF,21
1893,Manuel Sebastián,ESP,MF,18
1894,Giorgi Mamardashvili,GEO,GK,22
1895,Samuel,BRA,"FW,MF",23
1896,José Luis Gayà,ESP,DF,27
1897,Thierry Correia,POR,DF,23
1898,Yunus Musah,USA,MF,20
1899,Eray Cömert,SUI,DF,25
1900,Hugo Guillamón,ESP,MF,23
1901,Domingos André Ribeiro Almeida,POR,MF,22
1902,Mouctar Diakhaby,GUI,DF,26
1903,Edinson Cavani,URU,FW,35
1904,Samu Castillejo,ESP,FW,28
1905,Gabriel Paulista,BRA,DF,32
1906,Justin Kluivert,NED,"FW,MF",23
1907,Nicolás González,ESP,MF,21
1908,Dimitri Foulquier,FRA,"DF,MF",29
1909,Toni Lato,ESP,"MF,DF",25
1910,Ilaix Moriba,GUI,MF,20
1911,Cenk Özkacar,TUR,DF,22
1912,Hugo Duro,ESP,"FW,MF",23
1913,Maranhão,BRA,"FW,MF",26
1914,Carlos Soler,ESP,MF,26
1915,Jesus Vazquez,ESP,"DF,MF",20
1916,Cristhian Mosquera,COL,DF,18
1917,Maxi Gómez,URU,FW,26
1918,Francisco Perez,ESP,"FW,DF",20
1919,Diego Noguerol,ESP,"FW,DF",20
1920,Emilio Bernard,ESP,GK,23
1921,Cristian,ESP,GK,24
1922,Jaume Doménech,ESP,GK,32
1923,Mario Dominguez,ESP,MF,18
1924,Javier Guerra,ESP,MF,20
1925,Iago Herrerín,ESP,GK,35
1926,Koba Koindredi,FRA,MF,21
1927,Ruben Lendinez,ESP,DF,19
1928,Charlie Perez,ESP,GK,20
1929,Uroš Račić,SRB,MF,24
1930,Tiago Ribeiro,POR,MF,20
1931,Jesús Santiago,ESP,MF,18
1932,Manu Vallejo,ESP,"FW,MF",25
1933,Jeremías Ledesma,ARG,GK,29
1934,Alfonso Espino,URU,DF,31
1935,Luis Hernández,ESP,DF,33
1936,Álex Fernández,ESP,"MF,FW",30
1937,Rubén Sobrino,ESP,"FW,MF",30
1938,Brian Ocampo,URU,"MF,FW",23
1939,Fede San Emeterio,ESP,MF,25
1940,Anthony Lozano,HON,FW,29
1941,Isaac Carcelen,ESP,DF,29
1942,Fali,ESP,"DF,MF",29
1943,Rubén Alcaraz,ESP,MF,31
1944,Víctor Chust,ESP,DF,22
1945,Theo Bongonda,COD,MF,27
1946,Iván Alejo,ESP,"MF,FW",27
1947,Joseba Zaldúa,ESP,DF,30
1948,Álvaro Negredo,ESP,FW,37
1949,Mamadou Mbaye,SEN,DF,24
1950,Lucas Pérez,ESP,FW,34
1951,Santiago Arzamendia,PAR,"MF,DF",24
1952,José Mari,ESP,MF,35
1953,Tomás Alarcón,CHI,MF,24
1954,Blanco,ESP,MF,22
1955,Awer Mabil,AUS,"MF,FW",27
1956,Cala,ESP,DF,33
1957,Gonzalo Escalante,ARG,MF,29
1958,Roger Martí,ESP,FW,32
1959,Mamady Diarra,MLI,"MF,DF",22
1960,Alberto Perea,ESP,MF,32
1961,Youba Diarra,MLI,MF,24
1962,Raúl Parra,ESP,"DF,MF",23
1963,Carlos García,ESP,DF,22
1964,Sergi Guardiola,ESP,FW,31
1965,Chris Ramos,ESP,MF,26
1966,Álvaro Giménez,ESP,FW,31
1967,Álvaro Bastida,ESP,MF,18
1968,Karl Etta,CMR,MF,19
1969,David Gil,ESP,GK,29
1970,Kikín,ESP,DF,20
1971,Curro Muñoz,ESP,MF,20
1972,Lautaro Spatz,ARG,DF,21
1973,Victor Wehbi,BRA,GK,20
1974,David Soria,ESP,GK,29
1975,Enes Ünal,TUR,FW,25
1976,Borja Mayoral,ESP,FW,25
1977,Domingos Duarte,POR,DF,27
1978,Carles Aleñá,ESP,MF,25
1979,Djené,TOG,DF,31
1980,Iglesias,ESP,DF,24
1981,Luis Milla,ESP,MF,28
1982,Damián Suárez,URU,DF,34
1983,Stefan Mitrović,SRB,DF,32
1984,Nemanja Maksimović,SRB,MF,28
1985,Ángel Algobia,ESP,MF,23
1986,Omar Alderete,PAR,DF,26
1987,Mauro Arambarri,URU,MF,27
1988,Fabrizio Angileri,ARG,DF,28
1989,Portu,ESP,"DF,MF",30
1990,Gastón Álvarez,URU,DF,22
1991,Jaime Seoane,ESP,MF,26
1992,Jordan Amavi,FRA,DF,28
1993,Munir El Haddadi,MAR,"MF,FW",27
1994,Latasa,ESP,"FW,DF",21
1995,Gonzalo Villar,ESP,MF,24
1996,Jaime Mata,ESP,FW,34
1997,Moises Parra Gutierrez,ESP,FW,20
1998,Alejandro Revuelta Montero,ESP,DF,22
1999,Emmanuel Amankwaa Akurugu,GHA,DF,21
2000,Vicente Bellmunt,ESP,GK,23
2001,Kiko Casilla,ESP,GK,36
2002,Diego Conde,ESP,GK,24
2003,John Joe,IRL,MF,19
2004,Pablo Ramírez,ESP,DF,19
2005,Gorka Rivera Alonso,ESP,DF,18
2006,Alex Rodríguez,ESP,DF,20
2007,Édgar Badía,ESP,GK,30
2008,Omar Mascarell,ESP,MF,30
2009,Pedro Bigas,ESP,DF,32
2010,Lucas Boyé,ARG,FW,26
2011,Gerard Gumbau,ESP,MF,28
2012,Pere Milla,ESP,"FW,MF",30
2013,Carlos Clerc,ESP,"DF,MF",30
2014,Helibelton Palacios,COL,DF,29
2015,Enzo Roco,CHI,DF,30
2016,Tete Morente,ESP,"MF,DF",26
2017,Raúl Guti,ESP,MF,26
2018,Roger Martí,ESP,FW,32
2019,Álex Collado,ESP,MF,23
2020,Pol Lirola,ESP,DF,25
2021,Diego González,ESP,DF,28
2022,Gonzalo Verdú,ESP,DF,34
2023,Ezequiel Ponce,ARG,FW,25
2024,Fidel,ESP,"FW,MF",33
2025,Josan,ESP,"DF,MF",33
2026,Johan Mojica,COL,"DF,MF",30
2027,Carmona,ESP,MF,21
2028,Nicolás Ezequiel Fernández,ARG,"MF,DF",23
2029,Domingos Quina,POR,MF,23
2030,Lautaro Blanco,ARG,"MF,DF",23
2031,John Donald,ESP,DF,22
2032,Lisandro Magallán,ARG,DF,29
2033,Federico Fernández,ARG,DF,33
2034,Randy Ntekja,FRA,FW,25
2035,Alejandro Alfaro,ESP,MF,20
2036,Javier Pastore,ARG,MF,33
2037,Manu Cocca,ARG,DF,20
2038,Jesús López,ESP,GK,20
2039,Rodrigo Mendoza,ESP,MF,17
2040,Juan Navarro,ESP,GK,24
2041,Marco Soler,ESP,DF,22
2042,Axel Werner,ARG,GK,26
2043,Gianluigi Donnarumma,ITA,GK,23
2044,Marquinhos,BRA,DF,28
2045,Lionel Messi,ARG,"MF,FW",35
2046,Sergio Ramos,ESP,DF,36
2047,Kylian Mbappé,FRA,FW,24
2048,Achraf Hakimi,MAR,"DF,MF",24
2049,Neymar,BRA,"MF,FW",31
2050,Vitinha,POR,MF,22
2051,Marco Verratti,ITA,MF,30
2052,Danilo Pereira,POR,"DF,MF",31
2053,Fabián Ruiz Peña,ESP,MF,26
2054,Nordi Mukiele,FRA,DF,25
2055,Juan Bernat,ESP,DF,29
2056,Nuno Mendes,POR,"DF,MF",20
2057,Carlos Soler,ESP,"MF,FW",26
2058,Hugo Ekitike,FRA,FW,20
2059,Presnel Kimpembe,FRA,DF,27
2060,Renato Sanches,POR,MF,25
2061,Pablo Sarabia,ESP,"FW,MF",30
2062,Warren Zaire-Emery,FRA,MF,16
2063,El Chadaille Bitshiabu,FRA,DF,17
2064,Leandro Paredes,ARG,MF,28
2065,Ismaël Gharbi,ESP,FW,18
2066,Abdou Diallo,SEN,DF,26
2067,Ilyes Housni,FRA,FW,17
2068,Arnaud Kalimuendo,FRA,FW,21
2069,Ayman Kari,FRA,MF,18
2070,Alexandre Letellier,FRA,GK,32
2071,Keylor Navas,CRC,GK,36
2072,Timothee Pembele,FRA,DF,20
2073,Sergio Rico,ESP,GK,29
2074,Chancel Mbemba,COD,DF,28
2075,Leonardo Balerdi,ARG,DF,24
2076,Valentin Rongier,FRA,MF,28
2077,Pau López,ESP,GK,28
2078,Jonathan Clauss,FRA,DF,30
2079,Mattéo Guendouzi,FRA,MF,23
2080,Alexis Sánchez,CHI,"FW,MF",34
2081,Nuno Tavares,POR,"DF,MF",23
2082,Jordan Veretout,FRA,MF,29
2083,Samuel Gigot,FRA,DF,29
2084,Cengiz Ünder,TUR,"MF,DF",25
2085,Sead Kolašinac,BIH,DF,29
2086,Dimitri Payet,FRA,"MF,FW",35
2087,Amine Harit,MAR,"MF,FW",25
2088,Gerson,BRA,MF,25
2089,Issa Kaboré,BFA,DF,21
2090,Pape Gueye,SEN,"MF,DF",24
2091,Rubén Blanco,ESP,GK,27
2092,Eric Bailly,CIV,DF,28
2093,Ruslan Malinovskyi,UKR,"MF,FW",29
2094,Luis Javier Suárez,COL,FW,25
2095,Arkadiusz Milik,POL,FW,28
2096,Bamba Dieng,SEN,"FW,MF",22
2097,Vitinha,POR,FW,22
2098,Souleymane Touré,FRA,DF,19
2099,Cédric Bakambu,COD,MF,31
2100,Azzedine Ounahi,MAR,MF,22
2101,Duje Ćaleta-Car,CRO,DF,26
2102,Salim Ben Seghir,FRA,MF,19
2103,Bartuğ Elmaz,TUR,MF,19
2104,Pol Lirola,ESP,"DF,MF",25
2105,François Mughe,CMR,FW,18
2106,Simon Ngapandouetnbu,CMR,GK,19
2107,Yakine Said Mmadi,COM,DF,18
2108,Kevin Danso,AUT,DF,24
2109,Brice Samba,CGO,GK,28
2110,Salis Abdul Samed,GHA,MF,22
2111,Florian Sotoca,FRA,"MF,FW",32
2112,Facundo Medina,ARG,DF,23
2113,Seko Fofana,CIV,MF,27
2114,Przemysław Frankowski,POL,"DF,MF",27
2115,Jonathan Gradit,FRA,DF,30
2116,Deiver Machado,COL,"DF,MF",29
2117,Loïs Openda,BEL,FW,22
2118,David Pereira da Costa,POR,"MF,FW",22
2119,Massadio Haïdara,MLI,"DF,MF",30
2120,Wesley Saïd,FRA,"FW,MF",27
2121,Jimmy Cabot,FRA,"DF,MF",28
2122,Jean Onana,CMR,MF,23
2123,Alexis Claude-Maurice,FRA,"MF,FW",24
2124,Łukasz Poręba,POL,MF,22
2125,Adrien Thomasson,FRA,"MF,FW",29
2126,Julien Le Cardinal,FRA,DF,25
2127,Ismaëlben Boura,FRA,"DF,FW",22
2128,Rémy Labeau Lascary,GLP,"FW,MF",19
2129,Adam Buksa,POL,"FW,MF",26
2130,Ignatius Ganago,CMR,FW,23
2131,Patrick Berg,NOR,"MF,FW",25
2132,Gaël Kakuta,COD,FW,31
2133,Angelo Fulgini,FRA,DF,26
2134,Steven Fortes,CPV,DF,30
2135,Christopher Wooh,CMR,MF,21
2136,Ibrahima Baldé,FRA,FW,20
2137,Yacouba Barry,FRA,MF,20
2138,Nolan Bonte,FRA,FW,19
2139,Pierre Ganiou,FRA,DF,17
2140,Yaya Kader Fofana,MLI,MF,18
2141,Jean-Louis Leca,FRA,GK,37
2142,Adrien Louveau,FRA,MF,23
2143,Alexander Nübel,GER,GK,26
2144,Axel Disasi,FRA,DF,24
2145,Youssouf Fofana,FRA,MF,24
2146,Caio Henrique Oliveira Silva,BRA,DF,25
2147,Breel Embolo,SUI,FW,25
2148,Aleksandr Golovin,RUS,"MF,FW",26
2149,Guillermo Maripán,CHI,DF,28
2150,Mohamed Camara,MLI,MF,23
2151,Wissam Ben Yedder,FRA,FW,32
2152,Vanderson,BRA,DF,21
2153,Krépin Diatta,SEN,"MF,FW",23
2154,Benoît Badiashile,FRA,DF,21
2155,Takumi Minamino,JPN,"MF,FW",28
2156,Eliot Matazo,BEL,"MF,FW",20
2157,Ruben Aguilar,FRA,DF,29
2158,Eliesse Ben Seghir,FRA,FW,17
2159,Ismail Jakobs,SEN,"DF,MF",23
2160,Malang Sarr,FRA,DF,24
2161,Gelson Martins,POR,"MF,FW",27
2162,Jean Lucas,BRA,MF,24
2163,Kevin Volland,GER,"MF,FW",30
2164,Maghnes Akliouche,FRA,"MF,DF",20
2165,Sofiane Diop,FRA,MF,22
2166,Soungoutou Magassa,MLI,MF,19
2167,Myron Boadu,NED,FW,22
2168,Thomas Didillon,FRA,GK,27
2169,Félix Lemaréchal,CIV,MF,19
2170,Chrislain Matsima,FRA,DF,20
2171,Arthur Theate,BEL,DF,22
2172,Benjamin Bourigeaud,FRA,"MF,FW",29
2173,Steve Mandanda,FRA,GK,37
2174,Adrien Truffert,FRA,DF,21
2175,Hamari Traoré,MLI,DF,31
2176,Amine Gouiri,FRA,FW,22
2177,Flavien Tait,FRA,MF,30
2178,Martin Terrier,FRA,"FW,MF",25
2179,Joe Rodon,WAL,DF,25
2180,Arnaud Kalimuendo,FRA,FW,21
2181,Lovro Majer,CRO,"MF,FW",25
2182,Baptiste Santamaria,FRA,MF,27
2183,Chimuanya Ugochukwu,FRA,MF,18
2184,Christopher Wooh,CMR,DF,21
2185,Désiré Doué,FRA,"MF,FW",17
2186,Xeka,POR,MF,28
2187,Birger Meling,NOR,DF,28
2188,Gaëtan Laborde,FRA,FW,28
2189,Jeremy Doku,BEL,"MF,FW",20
2190,Kamaldeen Sulemana,GHA,"FW,MF",20
2191,Doğan Alemdar,TUR,GK,20
2192,Lorenz Assignon,TOG,DF,22
2193,Warmed Omari,FRA,DF,22
2194,Karl Toko Ekambi,CMR,"FW,MF",30
2195,Loïc Bade,FRA,DF,22
2196,Djed Spence,ENG,DF,22
2197,Matthis Abline,FRA,"FW,MF",19
2198,Sehrou Guirassy,GUI,MF,26
2199,Jeanöel Belocian,FRA,DF,17
2200,Alan Do Marcolino,GAB,FW,20
2201,Guela Doué,FRA,FW,20
2202,Ibrahim Salah,BEL,MF,21
2203,Romain Salin,FRA,GK,38
2204,Noah Francoise,FRA,MF,19
2205,Léo Rouille,FRA,DF,18
2206,Gabriel Tutu,FRA,FW,19
2207,Angel Gomes,ENG,MF,22
2208,Jonathan David,CAN,FW,23
2209,Benjamin André,FRA,MF,32
2210,Tiago Djaló,POR,DF,22
2211,Bafodé Diakité,FRA,DF,22
2212,José Fonte,POR,DF,39
2213,Ismaily,BRA,DF,33
2214,Jonathan Bamba,FRA,FW,26
2215,Lucas Chevalier,FRA,GK,21
2216,Rémy Cabella,FRA,"MF,FW",32
2217,Adam Ounas,ALG,FW,26
2218,André Gomes,POR,MF,29
2219,Timothy Weah,USA,"DF,FW",22
2220,Edon Zhegrova,KVX,"FW,DF",23
2221,Leonardo César Jardim,BRA,GK,27
2222,Mohamed Lamine Bayo,GUI,"FW,MF",24
2223,Leny Yoro,FRA,"DF,MF",17
2224,Alexsandro Ribeiro,BRA,DF,23
2225,Akim Zedadka,ALG,"DF,MF",27
2226,Carlos Baleba,CMR,MF,19
2227,Yusuf Yazıcı,TUR,MF,26
2228,Alan Virginius,FRA,FW,20
2229,Jonas Martin,FRA,MF,32
2230,Gabriel Gudmundsson,SWE,"FW,DF",23
2231,Benoît Costil,FRA,GK,35
2232,Ichem Ferrah,FRA,MF,17
2233,Adam Jakubech,SVK,GK,26
2234,Isaac Lihadji,FRA,FW,20
2235,Matteo Makhabé,FRA,MF,19
2236,Simon Ramet,FRA,MF,19
2237,Vincent Le Goff,FRA,DF,33
2238,Montassar Talbi,TUN,DF,24
2239,Enzo Le Fée,FRA,MF,23
2240,Gedeon Kalulu,COD,DF,25
2241,Dango Ouattara,BFA,"FW,MF",20
2242,Julien Laporte,FRA,DF,29
2243,Terem Moffi,NGA,FW,23
2244,Laurent Abergel,FRA,MF,30
2245,Yvon Mvogo,SUI,GK,28
2246,Julien Ponceau,FRA,MF,22
2247,Théo Le Bris,FRA,"MF,DF",20
2248,Stéphane Diarra,FRA,FW,24
2249,Bonke Innocent,NGA,MF,27
2250,Vito Mannone,ITA,GK,34
2251,Ibrahima Koné,MLI,FW,23
2252,Yoann Cathline,FRA,"FW,MF",20
2253,Armand Lauriente,FRA,FW,24
2254,Bamo Meïté,CIV,DF,21
2255,Chrislain Matsima,FRA,"DF,MF",20
2256,Quentin Boisgard,FRA,MF,25
2257,Jean-Victor Makengo,FRA,MF,24
2258,Romain Faivre,FRA,FW,24
2259,Bamba Dieng,SEN,"FW,MF",22
2260,Adil Aouchiche,FRA,"MF,FW",20
2261,Darlin Yongwa,CMR,"FW,DF",22
2262,Ckene Doucouré,COM,"FW,MF",20
2263,Adrian Grbić,AUT,"MF,FW",26
2264,Igor Carioca,BRA,FW,26
2265,Teddy Bartouche,FRA,GK,25
2266,Paul Bellon,FRA,MF,23
2267,Samuel Loric,FRA,FW,22
2268,Loris Mouyokolo,CGO,DF,21
2269,Paul Nardi,FRA,GK,28
2270,Pablo Pagis,FRA,FW,20
2271,Léo Pétrot,FRA,DF,25
2272,Julian Pollersbeck,GER,GK,28
2273,Maxime Wackers,FRA,DF,25
2274,Dante,BRA,DF,39
2275,Kasper Schmeichel,DEN,GK,36
2276,Jean-Clair Todibo,FRA,DF,23
2277,Jordan Lotomba,SUI,"DF,MF",24
2278,Khéphren Thuram-Ulie,FRA,MF,21
2279,Melvin Bard,FRA,DF,22
2280,Gaëtan Laborde,FRA,"FW,MF",28
2281,Nicolas Pépé,CIV,"FW,MF",27
2282,Mario Lemina,GAB,"MF,DF",29
2283,Aaron Ramsey,WAL,MF,32
2284,Sofiane Diop,FRA,"MF,FW",22
2285,Pablo Rosario,NED,"MF,DF",26
2286,Andy Delort,ALG,FW,31
2287,Hicham Boudaoui,ALG,MF,23
2288,Youcef Atal,ALG,"DF,MF",26
2289,Mattia Viti,ITA,DF,21
2290,Ross Barkley,ENG,"MF,FW",29
2291,Bilal Brahimi,ALG,"FW,MF",22
2292,Alexis Beka Beka,FRA,MF,21
2293,Amine Gouiri,FRA,"FW,MF",22
2294,Calvin Stengs,NED,FW,24
2295,Marcin Bułka,POL,GK,23
2296,Youssouf Ndayishimiye,BDI,"DF,MF",24
2297,Joe Bryan,ENG,"MF,DF",29
2298,Rareş Ilie,ROU,"MF,FW",19
2299,Badredine Bouanani,ALG,"FW,MF",18
2300,Flavius Daniliuc,AUT,DF,21
2301,Antoine Mendy,FRA,"DF,FW",18
2302,Terem Moffi,NGA,FW,23
2303,Alexis Claude-Maurice,FRA,FW,24
2304,Mads Bech Sørensen,DEN,DF,24
2305,Reda Belahyane,FRA,MF,18
2306,Teddy Boulhendi,FRA,GK,21
2307,Yannis Nahounou,FRA,DF,18
2308,Alexandre Lacazette,FRA,FW,31
2309,Nicolás Tagliafico,ARG,DF,30
2310,Anthony Lopes,POR,GK,32
2311,Castello Lukeba,FRA,DF,20
2312,Thiago Mendes,BRA,"DF,MF",30
2313,Maxence Caqueret,FRA,MF,22
2314,Malo Gusto,FRA,DF,19
2315,Karl Toko Ekambi,CMR,"FW,MF",30
2316,Tetê,BRA,"FW,MF",22
2317,Johann Lepenant,FRA,MF,20
2318,Corentin Tolisso,FRA,MF,28
2319,Sinaly Diomande,CIV,DF,21
2320,Rayan Cherki,FRA,"MF,FW",19
2321,Moussa Dembélé,FRA,"FW,MF",26
2322,Houssem Aouar,FRA,MF,24
2323,Dejan Lovren,CRO,DF,33
2324,Sael Kumbedi,FRA,DF,17
2325,Jérôme Boateng,GER,DF,34
2326,Damien Da Silva,FRA,DF,34
2327,Bradley Barcola,FRA,"FW,MF",20
2328,Rémy Riou,FRA,GK,35
2329,Romain Faivre,FRA,MF,24
2330,Lucas Paquetá,BRA,MF,25
2331,Jeff Reine-Adélaïde,FRA,MF,25
2332,Henrique,BRA,DF,28
2333,Amin Sarr,SWE,"FW,MF",21
2334,Mohamed El Arouch,FRA,MF,18
2335,Kayne Bonnevie,FRA,GK,21
2336,Djibrail Dib,FRA,MF,20
2337,Tino Kadewere,ZIM,FW,27
2338,Mamadou Sarr,FRA,DF,17
2339,Yunis Abdelhamid,MAR,DF,35
2340,Emmanuel Agbadou,CIV,DF,25
2341,Folarin Balogun,ENG,FW,21
2342,Junya Ito,JPN,FW,29
2343,Marshall Munetsi,ZIM,MF,26
2344,Yehvann Diouf,FRA,GK,23
2345,Azor Matusiwa,NED,MF,24
2346,Alexis Flips,FRA,"DF,MF",23
2347,Banzouzi Locko,FRA,DF,20
2348,Andrew Gravillon,GLP,DF,25
2349,Arber Zeneli,KVX,"FW,MF",27
2350,Kamory Doumbia,MLI,MF,19
2351,Dion Lopy,SEN,MF,21
2352,Jens Cajuste,SWE,MF,23
2353,Thibault De Smet,BEL,DF,24
2354,Patrick Pentz,AUT,GK,26
2355,Thomas Foket,BEL,DF,28
2356,Maxime Busi,BEL,DF,23
2357,Mitchell van Bergen,NED,"FW,DF",23
2358,Wout Faes,BEL,DF,24
2359,Noah Holm,NOR,"FW,MF",21
2360,Ibrahim Diakité,GUI,DF,19
2361,Check Keita,FRA,DF,19
2362,El Bilal Touré,MLI,FW,21
2363,Martin Adeline,FRA,"MF,FW",19
2364,Nathanael Mbuku,FRA,"FW,MF",20
2365,Myziane Maolida,FRA,FW,23
2366,Kaj Sierhuis,NED,FW,24
2367,Rafik Guitane,FRA,FW,23
2368,Samuel Koeberlé,FRA,MF,18
2369,Moustapha Mbow,SEN,DF,22
2370,Alexandre Olliero,FRA,GK,26
2371,Nicolas Penneteau,FRA,GK,41
2372,Mory Diaw,SEN,GK,29
2373,Mateusz Wieteska,POL,DF,25
2374,Alidu Seidu,GHA,DF,22
2375,Neto Borges,BRA,DF,26
2376,Johan Gastien,FRA,MF,35
2377,Yohann Magnin,FRA,"MF,DF",25
2378,Saîf-Eddine Khaoui,TUN,"MF,FW",27
2379,Maximiliano Caufriez,BEL,DF,25
2380,Elba Rashani,KVX,"MF,DF",29
2381,Komnen Andrić,SRB,FW,27
2382,Muhammed Saracevic Cham,AUT,MF,22
2383,Jim Allevinah,GAB,"DF,FW",27
2384,Grejohn Kyei,FRA,FW,27
2385,Florent Ogier,FRA,DF,33
2386,Maxime Gonalons,FRA,MF,33
2387,Jérémie Bela,ANG,DF,29
2388,Jodel Dossou,BEN,"MF,DF",30
2389,Arial Mendy,SEN,DF,28
2390,Aïman Maurer,MAR,MF,18
2391,Mehdi Zeffane,ALG,"DF,MF",30
2392,Brandon Baiye,BEL,MF,22
2393,Yanis Massolin,FRA,MF,20
2394,Baila Diallo,FRA,DF,21
2395,Jason Berthomier,FRA,MF,33
2396,Jean-Claude Billong,CMR,MF,29
2397,Souleymane Cissé,FRA,DF,20
2398,Sofyan Chader,FRA,MF,22
2399,Ouparine Djoco,SEN,GK,24
2400,Wabo Kamdem,FRA,MF,20
2401,Lucas Margueron,FRA,GK,21
2402,Maxime Dupé,FRA,GK,29
2403,Stijn Spierings,NED,MF,26
2404,Anthony Rouault,FRA,DF,21
2405,Branco van den Boomen,NED,MF,27
2406,Rasmus Nicolaisen,DEN,DF,25
2407,Zakaria Aboukhlal,MAR,"FW,MF",22
2408,Issiaga Sylla,GUI,DF,29
2409,Brecht Dejaegere,BEL,MF,31
2410,Rafael Ratão,BRA,FW,27
2411,Fares Chaïbi,FRA,"FW,MF",20
2412,Thijs Dallinga,NED,FW,22
2413,Mikkel Desler,DEN,DF,27
2414,Moussa Diarra,MLI,DF,22
2415,Ado Onaiwu,JPN,FW,27
2416,Kévin Keben Biakolo,CMR,DF,19
2417,Veljko Birmančević,SRB,"FW,MF",24
2418,Oliver Zandén,SWE,"DF,MF",21
2419,Gabriel Suazo,CHI,DF,25
2420,Christian Mawissa,FRA,DF,17
2421,Waren Kamanzi,NOR,DF,22
2422,Nathan N'Goumou,FRA,FW,22
2423,Yanis Begraoui,FRA,"FW,MF",21
2424,Denis Genreau,AUS,"MF,FW",23
2425,Rhys Healey,WAL,FW,28
2426,Logan Costa,CPV,DF,21
2427,Vincent Sierro,SUI,"MF,FW",27
2428,Naatan Skyttä,FIN,MF,20
2429,Theocharis Tsingaras,GRE,MF,22
2430,Ylies Aradj,FRA,DF,17
2431,Junior Flemmings,JAM,"FW,MF",27
2432,Kjetil Haug,NOR,GK,24
2433,Steve Mvoué,CMR,MF,21
2434,Edhy Zuliani,ITA,MF,18
2435,Alban Lafont,FRA,GK,24
2436,Andrei Girotto,BRA,"DF,MF",30
2437,Pedro Chirivella,ESP,MF,25
2438,Moses Simon,NGA,"FW,MF",27
2439,Ludovic Blas,FRA,"MF,FW",25
2440,Jean-Charles Castelletto,CMR,DF,28
2441,Nicolas Pallois,FRA,DF,35
2442,Quentin Merlin,FRA,DF,20
2443,Samuel Moutoussamy,COD,MF,26
2444,Moussa Sissoko,FRA,MF,33
2445,Mostafa Mohamed,EGY,FW,25
2446,Evann Guessand,FRA,"FW,MF",21
2447,Dennis Appiah,FRA,"DF,MF",30
2448,Ignatius Ganago,CMR,"FW,MF",23
2449,Fabien Centonze,FRA,DF,27
2450,Sébastien Corchia,FRA,"DF,MF",32
2451,Marcus Coco,FRA,"DF,FW",26
2452,Charles Traore,MLI,DF,31
2453,Fábio,BRA,"DF,MF",32
2454,Jaouen Hadjam,FRA,DF,19
2455,João Victor,BRA,DF,24
2456,Florent Mollet,FRA,"MF,FW",31
2457,Rémy Descamps,FRA,GK,26
2458,Abdoul Kader Bamba,FRA,"FW,MF",28
2459,Nathan Zeze,FRA,DF,17
2460,Lohann Doucet,FRA,"MF,FW",20
2461,Mohamed Achi,FRA,FW,21
2462,Andy Delort,ALG,FW,31
2463,Loïc Affamah,FRA,FW,20
2464,Junior Diaz,FRA,DF,19
2465,Gor Manvelyan,FRA,MF,20
2466,Denis Petrić,SRB,GK,34
2467,Robin Voisine,FRA,DF,20
2468,Marco Bizot,NED,GK,31
2469,Franck Honorat,FRA,"FW,MF",26
2470,Lilian Brassier,FRA,DF,23
2471,Brendan Chardonnet,FRA,DF,28
2472,Pierre Lees-Melou,FRA,MF,29
2473,Haris Belkebla,ALG,MF,29
2474,Jean-Kevin Duverne,FRA,DF,25
2475,Mahdi Camara,FRA,MF,24
2476,Mathias Pereira Lage,POR,"MF,FW",26
2477,Noah Fadiga,SEN,DF,23
2478,Islam Slimani,ALG,FW,34
2479,Hugo Magnetti,FRA,MF,24
2480,Jérémy Le Douaron,FRA,"FW,MF",24
2481,Achraf Dari,MAR,DF,23
2482,Christophe Hérelle,MTQ,DF,30
2483,Romain Del Castillo,FRA,"FW,MF",26
2484,Steve Mounié,BEN,FW,28
2485,Kenny Lala,FRA,DF,31
2486,Youcef Belaïli,ALG,"FW,MF",30
2487,Jere Uronen,FIN,DF,28
2488,Irvin Cardona,FRA,"FW,MF",25
2489,Joaquín Blázquez,ARG,GK,22
2490,Karamoko Dembele,SCO,"FW,MF",19
2491,Alberth Elis,HON,"MF,FW",26
2492,Axel Camblan,FRA,"FW,MF",19
2493,Taïryk Arconte,FRA,"FW,MF",19
2494,Hianga Mananga Mbock,FRA,MF,23
2495,Félix Lemaréchal,CIV,MF,19
2496,Grégoire Coudert,FRA,GK,23
2497,Banzouzi Locko,FRA,MF,20
2498,Téji Savanier,FRA,MF,31
2499,Sepe Elye Wahi,FRA,FW,20
2500,Jordan Ferri,FRA,MF,30
2501,Christopher Jullien,FRA,DF,29
2502,Maxime Estève,FRA,DF,20
2503,Joris Chotard,FRA,MF,21
2504,Nicolas Cozza,FRA,DF,24
2505,Falaye Sacko,MLI,DF,27
2506,Faitout Maouassa,FRA,"DF,FW",24
2507,Jonas Omlin,SUI,GK,29
2508,Arnaud Nordin,FRA,"FW,MF",24
2509,Stephy Mavididi,ENG,FW,24
2510,Enzo Tchato,CMR,DF,20
2511,Wahbi Khazri,TUN,"FW,MF",32
2512,Léo Leroy,FRA,MF,22
2513,Valère Germain,FRA,"FW,MF",32
2514,Mamadou Sakho,FRA,DF,32
2515,Khalil Fayad,FRA,MF,18
2516,Théo Sainte-Luce,FRA,DF,24
2517,Bingourou Kamara,SEN,GK,26
2518,Arnaud Souquet,FRA,"DF,FW",30
2519,Benjamin Lecomte,FRA,GK,31
2520,Boubakar Kouyaté,MLI,DF,25
2521,Béni Makouana,CGO,"FW,MF",20
2522,Matis Carvalho,POR,GK,23
2523,Issiaga Sylla,GUI,DF,29
2524,Cheikh Faye,SEN,FW,24
2525,Sacha Delaye,FRA,"FW,MF",20
2526,Axel Gueguin,FRA,"FW,MF",17
2527,Téo Allix,FRA,DF,18
2528,Dimitry Bertaud,FRA,GK,24
2529,Redouane Halhal,MAR,DF,19
2530,Matéo Loubatieres,FRA,MF,19
2531,Pedro Mendes,POR,DF,32
2532,Thibault Tamas,FRA,DF,22
2533,Ryan Tchato Mbiayi,CMR,DF,18
2534,Erik Palmer-Brown,USA,DF,25
2535,Rominigue Kouamé,MLI,MF,26
2536,Yoann Salmier,GUF,DF,30
2537,Mama Samba Baldé,GNB,FW,27
2538,Thierno Balde,FRA,DF,20
2539,Rony Lopes,POR,"MF,FW",27
2540,Gauthier Gallon,FRA,GK,29
2541,Xavier Chavalerin,FRA,MF,31
2542,Jackson Porozo,ECU,DF,22
2543,Yasser Larouci,ALG,"DF,FW",22
2544,Andreas Bruus,DEN,"DF,FW",24
2545,Renaud Ripart,FRA,"FW,MF",29
2546,Florian Tardieu,FRA,MF,30
2547,Abdu Conté,POR,DF,24
2548,Wilson Odobert,FRA,"MF,FW",18
2549,Mateusz Lis,POL,GK,25
2550,Adil Rami,FRA,DF,37
2551,Ike Ugbo,CAN,"FW,MF",24
2552,Lucien Agoume,FRA,MF,20
2553,Papa Ndiaga Yade,SEN,"DF,MF",23
2554,Tristan Dingomé,CMR,MF,31
2555,Alexis Tibidi,FRA,FW,19
2556,Kyliane Dong,FRA,"DF,MF",18
2557,Jeff Reine-Adélaïde,FRA,MF,25
2558,Amar Ahmed,SWE,FW,18
2559,Marlos Moreno,COL,"MF,DF",26
2560,Ante Palaversa,CRO,MF,22
2561,Mathis Hamdi,FRA,DF,19
2562,Jordan Dongmo,CMR,MF,22
2563,Derek Mazou-Sacko,FRA,MF,18
2564,Corentin Michel,BEL,GK,22
2565,Jessy Moulin,FRA,GK,37
2566,Eric N'Jo,FRA,DF,18
2567,Yoann Touzghar,TUN,FW,36
2568,Banhie Zoukrou,FRA,DF,19
2569,Matz Sels,BEL,GK,30
2570,Alexander Djiku,GHA,DF,28
2571,Jean-Ricner Bellegarde,FRA,MF,24
2572,Habib Diallo,SEN,FW,27
2573,Kévin Gameiro,FRA,FW,35
2574,Sanjin Prcić,BIH,MF,29
2575,Maxime Le Marchand,FRA,DF,33
2576,Gerzino Nyamsi,FRA,DF,26
2577,Dimitri Liénard,FRA,"DF,MF",34
2578,Ismaël Doukouré,FRA,DF,19
2579,Adrien Thomasson,FRA,MF,29
2580,Jean-Eudes Aholou,CIV,MF,28
2581,Lucas Perrin,FRA,DF,24
2582,Mouhamadou Diarra,SEN,MF,19
2583,Ludovic Ajorque,REU,FW,28
2584,Thomas Delaine,FRA,DF,30
2585,Ronaël Pierre-Gabriel,FRA,DF,24
2586,Colin Dagba,FRA,DF,24
2587,Ibrahima Sissoko,FRA,MF,25
2588,Morgan Sanson,FRA,MF,28
2589,Eduard Sobol,UKR,"DF,MF",27
2590,Frederic Guilbert,FRA,DF,28
2591,Lebo Mothiba,RSA,"FW,MF",27
2592,Franci Bouebari,FRA,DF,19
2593,Karol Fila,POL,DF,24
2594,Nordine Kandil,FRA,"MF,FW",21
2595,Dany Jean,HAI,DF,20
2596,Marvin Senaya,TOG,DF,22
2597,Eiji Kawashima,JPN,GK,39
2598,Anas Nanah,MAR,DF,19
2599,Antoine Nuss,FRA,DF,19
2600,Robin Risser,FRA,GK,18
2601,Jordan Robinand,FRA,MF,19
2602,Tom Saettel,FRA,FW,17
2603,Yuito Suzuki,JPN,FW,21
2604,Vincent Marchetti,FRA,MF,25
2605,Benjamin Leroy,FRA,GK,33
2606,Mounaim El Idrissy,FRA,FW,23
2607,Ismael Diallo,CIV,DF,26
2608,Oumar Gonzalez,CMR,DF,24
2609,Mohamed Youssouf,COM,DF,34
2610,Cyrille Bayala,BFA,MF,26
2611,Riad Nouri,FRA,MF,37
2612,Cédric Avinel,GLP,DF,36
2613,Mathieu Coutadeur,FRA,MF,36
2614,Youcef Belaïli,ALG,"MF,FW",30
2615,Thomas Mangani,FRA,MF,35
2616,Mickaël Alphonse,GLP,DF,33
2617,Romain Hamouma,FRA,FW,35
2618,Bevic Moussiti-Oko,CGO,FW,28
2619,Clément Vidal,FRA,DF,22
2620,Youssouf Koné,MLI,DF,27
2621,Fernand Mayembo,CGO,DF,27
2622,Kevin Spadanuda,SUI,"MF,FW",26
2623,Yoann Touzghar,TUN,FW,36
2624,Yanis Cimignani,FRA,"MF,DF",21
2625,François-Joseph Sollacaro,FRA,GK,28
2626,Mickaël Barreto,FRA,MF,32
2627,Florian Chabrolle,FRA,MF,24
2628,Kouamé Botué,BFA,"FW,MF",20
2629,Qazim Laçi,ALB,MF,27
2630,Ghjuvanni Quilichini,FRA,GK,20
2631,Paolo Lebas,POR,MF,19
2632,Moussa Soumano,FRA,"MF,FW",17
2633,Moussa Djitte,SEN,FW,23
2634,Gaëtan Courtet,FRA,FW,33
2635,Anthony Khelifa,FRA,DF,17
2636,Ruan Levine,BRA,FW,24
2637,Birama Touré,MLI,MF,30
2638,Jubal,BRA,DF,29
2639,Benoît Costil,FRA,GK,35
2640,Hamza Sakhi,MAR,MF,26
2641,Julian Jeanvier,GUI,DF,30
2642,Mathias Autret,FRA,"MF,FW",31
2643,Lassine Sinayoko,MLI,"MF,FW",23
2644,Gideon Mensah,GHA,DF,24
2645,M'Baye Niang,SEN,FW,28
2646,Nuno da Costa,CPV,"FW,MF",31
2647,Rayan Raveloson,MAD,"MF,DF",26
2648,Gauthier Hein,FRA,"MF,FW",26
2649,Paul Joly,FRA,DF,22
2650,Gaëtan Perrin,FRA,"MF,FW",26
2651,Quentin Bernard,FRA,DF,33
2652,Youssouf M'Changama,COM,MF,32
2653,Alexandre Coeff,FRA,DF,30
2654,Akim Zedadka,ALG,DF,27
2655,Souleymane Touré,FRA,DF,19
2656,Ionuț Radu,ROU,GK,25
2657,Gaëtan Charbonnier,FRA,"FW,MF",34
2658,Matthis Abline,FRA,"FW,MF",19
2659,Brayann Pereira,FRA,DF,19
2660,Dénys Bain,FRA,DF,29
2661,Han-Noah Massengo,FRA,"MF,DF",21
2662,Kenji-Van Boto,MAD,DF,26
2663,Kays Ruiz,MAR,MF,20
2664,Rémy Dugimont,FRA,"FW,MF",36
2665,Ousmane Camara,GUI,"FW,MF",21
2666,Siriki Dembélé,CIV,FW,26
2667,Ousoumane Camara,FRA,MF,24
2668,Kévin Danois,FRA,FW,18
2669,Théo De Percin,MTQ,GK,22
2670,Donovan Léon,GUF,GK,30
2671,Cédric Hountondji,BEN,DF,29
2672,Adrien Hunou,FRA,"FW,MF",29
2673,Batista Mendy,FRA,"MF,DF",23
2674,Souleyman Doumbia,CIV,"DF,FW",26
2675,Nabil Bentaleb,ALG,MF,28
2676,Miha Blažič,SVN,DF,29
2677,Paul Bernardoni,FRA,GK,25
2678,Yan Valery,TUN,DF,23
2679,Azzedine Ounahi,MAR,"MF,FW",22
2680,Amine Salama,FRA,"FW,MF",22
2681,Abdallah Sima,SEN,FW,21
2682,Sofiane Boufal,MAR,"FW,MF",29
2683,Pierrick Capelle,FRA,"MF,DF",35
2684,Himad Abdelli,FRA,"MF,FW",23
2685,Yahia Fofana,FRA,GK,22
2686,Sada Thioub,SEN,"FW,MF",27
2687,Lois Diony,FRA,FW,30
2688,Farid El Melali,ALG,"FW,DF",25
2689,Abdoulaye Bamba,CIV,DF,32
2690,Ibrahim Amadou,FRA,"DF,MF",29
2691,Halid Šabanović,BIH,"DF,FW",23
2692,Ousmane Camara,FRA,DF,19
2693,Waniss Taibi,FRA,MF,20
2694,Ilyes Cheti,ALG,DF,28
2695,Ibrahima Niane,SEN,FW,23
2696,Lilian Raolisoa,FRA,"MF,DF",22
2697,Zinédine Ould Khaled,FRA,"MF,FW",23
2698,Marin Jakoliš,CRO,FW,26
2699,Faouzi Ghoulam,ALG,DF,32
2700,Jason Mbock,FRA,"MF,FW",23
2701,Antonin Bobichon,FRA,MF,27
2702,Salim Akkal,FRA,MF,22
2703,Yassin Belkhdim,FRA,MF,20
2704,Théo Borne,FRA,GK,20
2705,Jean Mattéo Bahoya,FRA,MF,17
2706,Dayot Upamecano,FRA,DF,24
2707,Joshua Kimmich,GER,MF,28
2708,Alphonso Davies,CAN,DF,22
2709,Jamal Musiala,GER,"MF,FW",19
2710,Benjamin Pavard,FRA,DF,26
2711,Matthijs de Ligt,NED,DF,23
2712,Leroy Sané,GER,"FW,MF",27
2713,Manuel Neuer,GER,GK,36
2714,Serge Gnabry,GER,FW,27
2715,Leon Goretzka,GER,MF,28
2716,Sadio Mané,SEN,FW,30
2717,Eric Maxim Choupo-Moting,CMR,FW,33
2718,Thomas Müller,GER,"FW,MF",33
2719,Kingsley Coman,FRA,"FW,MF",26
2720,Marcel Sabitzer,AUT,MF,28
2721,Noussair Mazraoui,MAR,DF,25
2722,Lucas Hernández,FRA,DF,26
2723,Yann Sommer,SUI,GK,34
2724,Sven Ulreich,GER,GK,34
2725,Josip Stanišić,CRO,DF,22
2726,Mathys Tel,FRA,FW,17
2727,João Cancelo,POR,DF,28
2728,Ryan Gravenberch,NED,MF,20
2729,Paul Wanner,GER,MF,17
2730,Gabriel Vidovic,CRO,FW,19
2731,Daley Blind,NED,DF,32
2732,Arijon Ibrahimović,GER,FW,17
2733,Gabriel Marušić,CRO,DF,19
2734,Tanguy Nianzou,FRA,DF,20
2735,Bouna Sarr,SEN,"DF,MF",31
2736,Johannes Schenk,GER,GK,20
2737,Joshua Zirkzee,NED,FW,21
2738,Sheraldo Becker,SUR,FW,27
2739,Robin Knoche,GER,DF,30
2740,Rani Khedira,GER,MF,29
2741,Janik Haberer,GER,MF,28
2742,Diogo Leite,POR,DF,24
2743,Frederik Rønnow,DEN,GK,30
2744,Christopher Trimmel,AUT,DF,35
2745,Jordan Pefok,USA,FW,26
2746,Julian Ryerson,NOR,DF,25
2747,Danilho Doekhi,NED,DF,24
2748,Paul Jaeckel,GER,DF,24
2749,Niko Gießelmann,GER,DF,31
2750,András Schäfer,HUN,MF,23
2751,Kevin Behrens,GER,FW,32
2752,Genki Haraguchi,JPN,MF,31
2753,Morten Thorsby,NOR,MF,26
2754,Lennart Grill,GER,GK,24
2755,Timo Baumgartl,GER,DF,26
2756,Paul Seguin,GER,MF,27
2757,Jérôme Roussillon,FRA,DF,30
2758,Josip Juranović,CRO,DF,27
2759,Tymoteusz Puchacz,POL,DF,24
2760,Sven Michel,GER,FW,32
2761,Miloš Pantović,SRB,MF,26
2762,Jamie Leweling,GER,FW,21
2763,Tim Skarke,GER,"DF,MF",26
2764,Aïssa Laïdouni,TUN,MF,26
2765,Levin Öztunalı,GER,MF,26
2766,Jakob Busk,DEN,GK,29
2767,Aljoscha Kemlein,GER,MF,18
2768,Andreas Voglsammer,GER,"FW,MF",31
2769,Nico Schlotterbeck,GER,DF,23
2770,Jude Bellingham,ENG,MF,19
2771,Julian Brandt,GER,"MF,FW",26
2772,Gregor Kobel,SUI,GK,25
2773,Raphaël Guerreiro,POR,DF,29
2774,Mats Hummels,GER,DF,34
2775,Salih Özcan,TUR,MF,25
2776,Niklas Süle,GER,DF,27
2777,Donyell Malen,NED,FW,24
2778,Karim Adeyemi,GER,"FW,MF",21
2779,Youssoufa Moukoko,GER,FW,18
2780,Marco Reus,GER,MF,33
2781,Anthony Modeste,FRA,FW,34
2782,Marius Wolf,GER,"DF,FW",27
2783,Thomas Meunier,BEL,DF,31
2784,Emre Can,GER,MF,29
2785,Alexander Meyer,GER,GK,31
2786,Gio Reyna,USA,"FW,MF",20
2787,Julian Ryerson,NOR,DF,25
2788,Mahmoud Dahoud,GER,MF,27
2789,Thorgan Hazard,BEL,"FW,DF",29
2790,Jamie Bynoe-Gittens,ENG,"FW,MF",18
2791,Sébastien Haller,CIV,FW,28
2792,Felix Passlack,GER,DF,24
2793,Justin Njinmah,GER,FW,22
2794,Tom Rothe,GER,DF,18
2795,Antonios Papadopoulos,GER,DF,23
2796,Marco Pašalić,CRO,MF,22
2797,Soumaïla Coulibaly,FRA,DF,19
2798,Abdoulaye Kamara,GUI,MF,18
2799,Marcel Lotka,POL,GK,21
2800,Willi Orban,HUN,DF,30
2801,Dominik Szoboszlai,HUN,"MF,FW",22
2802,Christopher Nkunku,FRA,"FW,MF",25
2803,David Raum,GER,"DF,FW",24
2804,Benjamin Henrichs,GER,"DF,MF",25
2805,Xaver Schlager,AUT,MF,25
2806,André Silva,POR,FW,27
2807,Joško Gvardiol,CRO,DF,21
2808,Janis Blaswich,GER,GK,31
2809,Timo Werner,GER,"FW,MF",26
2810,Mohamed Simakan,FRA,DF,22
2811,Dani Olmo,ESP,"MF,FW",24
2812,Marcel Halstenberg,GER,DF,31
2813,Kevin Kampl,SVN,MF,32
2814,Emil Forsberg,SWE,"MF,FW",31
2815,Konrad Laimer,AUT,MF,25
2816,Péter Gulácsi,HUN,GK,32
2817,Amadou Haidara,MLI,MF,25
2818,Abdou Diallo,SEN,"DF,MF",26
2819,Lukas Klostermann,GER,DF,26
2820,Hugo Novoa,ESP,"DF,FW",20
2821,Yussuf Poulsen,DEN,FW,28
2822,Ørjan Nyland,NOR,GK,32
2823,Alexander Sørloth,NOR,FW,27
2824,Sanoussy Ba,GER,DF,19
2825,Jonas Nickisch,GER,GK,18
2826,Obite N'Dicka,FRA,DF,23
2827,Mario Götze,GER,MF,30
2828,Kevin Trapp,GER,GK,32
2829,Tuta,BRA,DF,23
2830,Djibril Sow,SUI,MF,26
2831,Randal Kolo Muani,FRA,FW,24
2832,Jesper Lindstrøm,DEN,"MF,FW",22
2833,Daichi Kamada,JPN,"MF,FW",26
2834,Kristijan Jakić,CRO,"DF,MF",25
2835,Ansgar Knauff,GER,DF,21
2836,Sebastian Rode,GER,MF,32
2837,Junior Dina Ebimbe,FRA,"DF,MF",22
2838,Luca Pellegrini,ITA,DF,23
2839,Christopher Lenz,GER,DF,28
2840,Rafael Borré,COL,"FW,MF",27
2841,Makoto Hasebe,JPN,DF,39
2842,Hrvoje Smolčić,CRO,DF,22
2843,Lucas Alario,ARG,FW,30
2844,Aurélio Buta,POR,DF,25
2845,Almamy Touré,MLI,DF,26
2846,Diant Ramaj,GER,GK,21
2847,Filip Kostić,SRB,"DF,MF",30
2848,Philipp Max,GER,DF,29
2849,Faride Alidou,GER,"DF,MF",21
2850,Timothy Chandler,USA,DF,32
2851,Marcel Wenig,GER,MF,18
2852,Jens Grahl,GER,GK,34
2853,Jérôme Onguéné,CMR,DF,25
2854,Mark Flekken,NED,GK,29
2855,Matthias Ginter,GER,DF,29
2856,Christian Günter,GER,"DF,MF",29
2857,Philipp Lienhart,AUT,DF,26
2858,Nicolas Höfler,GER,MF,32
2859,Michael Gregoritsch,AUT,FW,28
2860,Kiliann Sildillia,FRA,"DF,MF",20
2861,Ritsu Doan,JPN,"FW,MF",24
2862,Vincenzo Grifo,ITA,"FW,MF",29
2863,Maximilian Eggestein,GER,MF,26
2864,Lukas Kübler,GER,DF,30
2865,Daniel Kyereh,GHA,"MF,FW",26
2866,Yannik Keitel,GER,MF,22
2867,Roland Sallai,HUN,"MF,FW",25
2868,Jeong Woo-yeong,KOR,"MF,FW",23
2869,Lucas Höler,GER,"FW,MF",28
2870,Manuel Gulde,GER,DF,31
2871,Kevin Schade,GER,"FW,MF",21
2872,Nils Petersen,GER,FW,34
2873,Noah Weißhaupt,GER,"MF,FW",21
2874,Robert Wagner,GER,MF,19
2875,Hugo Siquet,BEL,DF,20
2876,Keven Schlotterbeck,GER,DF,25
2877,Noah Atubolu,GER,GK,20
2878,Merlin Röhl,GER,MF,20
2879,Jonathan Schmid,FRA,"DF,MF",32
2880,Benjamin Uphoff,GER,GK,29
2881,Koen Casteels,BEL,GK,30
2882,Mickey van de Ven,NED,DF,21
2883,Maximilian Arnold,GER,MF,28
2884,Ridle Baku,GER,DF,24
2885,Paulo Otávio,BRA,DF,28
2886,Sebastiaan Bornauw,BEL,DF,23
2887,Jakub Kamiński,POL,"FW,MF",20
2888,Maxence Lacroix,FRA,DF,22
2889,Yannick Gerhardt,GER,MF,28
2890,Patrick Wimmer,AUT,"FW,MF",21
2891,Mattias Svanberg,SWE,MF,24
2892,Lukas Nmecha,GER,FW,24
2893,Felix Kalu Nmecha,GER,MF,22
2894,Omar Marmoush,EGY,FW,24
2895,Jonas Wind,DEN,FW,24
2896,Josuha Guilavogui,FRA,"MF,DF",32
2897,Luca Waldschmidt,GER,FW,26
2898,Josip Brekalo,CRO,"MF,FW",24
2899,Bartol Franjić,CRO,MF,23
2900,Max Kruse,GER,"MF,FW",34
2901,Kevin Paredes,USA,"MF,FW",19
2902,Maximilian Philipp,GER,FW,28
2903,Kilian Fischer,GER,"DF,FW",22
2904,Jérôme Roussillon,FRA,"MF,DF",30
2905,Aster Vranckx,BEL,MF,20
2906,Lukáš Ambros,CZE,FW,18
2907,Bartosz Bialek,POL,FW,21
2908,Nicolas Cozza,FRA,DF,24
2909,Dženan Pejčinović,GER,DF,17
2910,Pavao Pervan,AUT,GK,35
2911,Philipp Schulze,GER,GK,20
2912,Jiří Pavlenka,CZE,GK,30
2913,Marvin Ducksch,GER,FW,28
2914,Niclas Füllkrug,GER,FW,29
2915,Mitchell Weiser,GER,"DF,FW",28
2916,Marco Friedl,AUT,DF,24
2917,Anthony Jung,GER,"DF,FW",31
2918,Amos Pieper,GER,DF,25
2919,Christian Groß,GER,MF,34
2920,Miloš Veljković,SRB,DF,27
2921,Ilia Gruev,BUL,MF,22
2922,Leonardo Bittencourt,GER,"MF,DF",29
2923,Niklas Stark,GER,DF,27
2924,Romano Schmid,AUT,MF,23
2925,Jens Stage,DEN,MF,26
2926,Niklas Schmidt,GER,MF,24
2927,Lee Buchanan,ENG,"DF,FW",21
2928,Oliver Burke,SCO,"FW,MF",25
2929,Eren Dinkçi,GER,"FW,MF",21
2930,Nicolai Rapp,GER,"MF,DF",26
2931,Michael Zetterer,GER,GK,27
2932,Felix Agu,GER,"DF,FW",23
2933,Fabio Chiarodia,ITA,DF,17
2934,Dikeni Salifou,TOG,MF,19
2935,Tom Berger,GER,MF,21
2936,Benjamin Goller,GER,"FW,MF",24
2937,Jean-Manuel Mbom,GER,MF,22
2938,Nick Woltemade,GER,FW,20
2939,Marcus Thuram,FRA,FW,25
2940,Ramy Bensebaini,ALG,DF,27
2941,Kouadio Koné,FRA,MF,21
2942,Christoph Kramer,GER,MF,31
2943,Joe Scally,USA,DF,20
2944,Nico Elvedi,SUI,DF,26
2945,Jonas Hofmann,GER,FW,30
2946,Julian Weigl,GER,MF,27
2947,Alassane Pléa,FRA,FW,29
2948,Marvin Friedrich,GER,DF,27
2949,Yann Sommer,SUI,GK,34
2950,Lars Stindl,GER,"FW,MF",34
2951,Ko Itakura,JPN,DF,26
2952,Florian Neuhaus,GER,MF,25
2953,Jonas Omlin,SUI,GK,29
2954,Nathan N'Goumou,FRA,FW,22
2955,Tobias Sippel,GER,GK,34
2956,Jan Jakob Olschowsky,GER,GK,21
2957,Stefan Lainer,AUT,DF,30
2958,Luca Netz,GER,"DF,FW",19
2959,Tony Jantschke,GER,"DF,MF",32
2960,Patrick Herrmann,GER,"FW,MF",31
2961,Hannes Wolf,AUT,"FW,MF",23
2962,Yvandro Borges Sanches,LUX,"FW,MF",18
2963,Semir Telalovic,GER,MF,23
2964,Rocco Reitz,GER,MF,20
2965,Louis Beyer,GER,DF,22
2966,Maximilian Brüll,GER,GK,20
2967,Florian Dimmer,GER,GK,18
2968,Oscar Fraulo,DEN,MF,19
2969,Torben Müsel,GER,FW,23
2970,Connor Noß,IRL,MF,22
2971,Edmond Tapsoba,BFA,DF,24
2972,Moussa Diaby,FRA,FW,23
2973,Lukáš Hrádecký,FIN,GK,33
2974,Jeremie Frimpong,NED,"DF,MF",22
2975,Jonathan Tah,GER,DF,26
2976,Robert Andrich,GER,MF,28
2977,Piero Hincapié,ECU,DF,21
2978,Mitchel Bakker,NED,"MF,DF",22
2979,Patrik Schick,CZE,FW,27
2980,Exequiel Palacios,ARG,MF,24
2981,Adam Hložek,CZE,"FW,MF",20
2982,Kerem Demirbay,GER,MF,29
2983,Odilon Kossonou,CIV,DF,22
2984,Amine Adli,FRA,FW,22
2985,Callum Hudson-Odoi,ENG,"FW,MF",22
2986,Nadiem Amiri,GER,"MF,FW",26
2987,Charles Aránguiz,CHI,MF,33
2988,Sardar Azmoun,IRN,"MF,FW",28
2989,Florian Wirtz,GER,"FW,MF",19
2990,Daley Sinkgraven,NED,"DF,FW",27
2991,Timothy Fosu-Mensah,NED,DF,25
2992,Andrey Lunyov,RUS,GK,31
2993,Paulinho,BRA,FW,22
2994,Karim Bellarabi,GER,FW,32
2995,Joel Pohjanpalo,FIN,"FW,MF",28
2996,Ayman Azhil,MAR,MF,21
2997,Niklas Lomb,GER,GK,29
2998,Noah Mbamba,BEL,DF,18
2999,Patrick Pentz,AUT,GK,26
3000,Zidan Sertdemir,DEN,MF,18
3001,Marvin Schwäbe,GER,GK,27
3002,Ellyes Skhiri,TUN,MF,27
3003,Jonas Hector,GER,DF,32
3004,Benno Schmitz,GER,DF,28
3005,Florian Kainz,AUT,"MF,FW",30
3006,Timo Hübers,GER,DF,26
3007,Linton Maina,GER,"FW,MF",23
3008,Luca Kilian,GER,DF,23
3009,Steffen Tigges,GER,FW,24
3010,Eric Martel,GER,MF,20
3011,Dejan Ljubicic,AUT,MF,25
3012,Ondrej Duda,SVK,MF,28
3013,Julian Chabot,GER,DF,24
3014,Jan Thielmann,GER,FW,20
3015,Denis Huseinbasic,GER,"MF,FW",21
3016,Nikola Soldo,CRO,DF,22
3017,Florian Dietz,GER,FW,24
3018,Mathias Olesen,LUX,MF,21
3019,Kingsley Schindler,GER,"DF,MF",29
3020,Sargis Adamyan,ARM,"FW,MF",29
3021,Kristian Pedersen,DEN,DF,28
3022,Davie Selke,GER,FW,28
3023,Kingsley Ehizibue,NED,DF,27
3024,Tim Lemperle,GER,FW,21
3025,Mark Uth,GER,"MF,FW",31
3026,Justin Diehl,GER,FW,18
3027,Elias Bakatukanda,GER,MF,18
3028,Timo Horn,GER,GK,29
3029,Maximilian Schmid,GER,FW,19
3030,Joshua Schwirten,GER,MF,21
3031,Rijad Smajic,BIH,DF,18
3032,Georg Strauch,GER,DF,21
3033,Jonas Urbig,GER,GK,19
3034,Karim Onisiwo,AUT,"FW,MF",30
3035,Aarón Martín,ESP,DF,25
3036,Dominik Kohr,GER,MF,29
3037,Robin Zentner,GER,GK,28
3038,Silvan Widmer,SUI,DF,29
3039,Alexander Hack,GER,DF,29
3040,Edimilson Fernandes,SUI,DF,26
3041,Lee Jae-sung,KOR,MF,30
3042,Anton Stach,GER,MF,24
3043,Stefan Bell,GER,DF,31
3044,Leandro Barreiro Martins,LUX,MF,23
3045,Anthony Caci,FRA,DF,25
3046,Marcus Ingvartsen,DEN,"FW,MF",27
3047,Maxim Leitsch,GER,DF,24
3048,Jonathan Burkardt,GER,"MF,FW",22
3049,Angelo Fulgini,FRA,MF,26
3050,Danny da Costa,GER,DF,29
3051,Finn Dahmen,GER,GK,24
3052,Andreas Hanche-Olsen,NOR,DF,26
3053,Aymen Barkok,MAR,MF,24
3054,Ludovic Ajorque,REU,FW,28
3055,Delano Burgzorg,NED,"FW,MF",24
3056,Niklas Tauer,GER,"DF,MF",21
3057,Suliman Mustapha,AUT,"FW,MF",21
3058,Brajan Gruda,GER,MF,18
3059,Nelson Weiper,GER,MF,17
3060,Ben Bobzien,GER,FW,19
3061,Lasse Finn Rieß,GER,GK,21
3062,Anderson Lucoqui,ANG,DF,25
3063,Matondo-Merveille Papela,GER,MF,22
3064,Eniss Shabani,GER,MF,19
3065,Jeffrey Gouweleeuw,NED,DF,31
3066,Elvis Rexhbeçaj,GER,MF,25
3067,Ermedin Demirović,BIH,"MF,FW",24
3068,Rafał Gikiewicz,POL,GK,35
3069,Robert Gumny,POL,DF,24
3070,Iago,BRA,"DF,MF",25
3071,Mergim Berisha,GER,FW,24
3072,Maximilian Bauer,GER,DF,22
3073,Carlos Gruezo,ECU,MF,27
3074,Mads Pedersen,DEN,"DF,MF",26
3075,Florian Niederlechner,GER,"FW,MF",32
3076,Arne Maier,GER,MF,24
3077,Ohis Felix Uduokhai,GER,DF,25
3078,Fredrik Jensen,FIN,"MF,FW",25
3079,Ruben Vargas,SUI,"MF,FW",24
3080,André Hahn,GER,"FW,MF",32
3081,Arne Engels,BEL,MF,19
3082,Tomáš Koubek,CZE,GK,30
3083,Dion Drena Beljo,CRO,FW,20
3084,Julian Baumgartlinger,AUT,MF,35
3085,Daniel Caligiuri,ITA,"DF,MF",35
3086,Raphael Framberger,GER,"DF,FW",27
3087,Ricardo Pepi,USA,FW,20
3088,Reece Oxford,ENG,DF,24
3089,Frederik Winther,DEN,DF,22
3090,Lukas Petkov,GER,"MF,FW",22
3091,Kelvin Yeboah,ITA,"FW,MF",22
3092,Irvin Cardona,FRA,MF,25
3093,Niklas Dorsch,GER,MF,25
3094,David Čolina,CRO,"DF,MF",22
3095,Noah Joel Sarenren Bazee,NGA,FW,26
3096,Aaron Zehnter,GER,DF,18
3097,Felix Götze,GER,"DF,MF",24
3098,Daniel Katić,CRO,DF,19
3099,Daniel Klein,GER,GK,21
3100,Josué-Emanuel M'bila,ANG,MF,23
3101,Maurice Malone,GER,"FW,MF",22
3102,Nathanael Mbuku,FRA,MF,20
3103,Oliver Baumann,GER,GK,32
3104,Christoph Baumgartner,AUT,"MF,FW",23
3105,Angeliño,ESP,DF,26
3106,Ozan Kabak,TUR,DF,22
3107,Dennis Geiger,GER,MF,24
3108,Kevin Vogt,GER,DF,31
3109,Robert Skov,DEN,DF,26
3110,Andrej Kramarić,CRO,"MF,FW",31
3111,Grischa Prömel,GER,MF,28
3112,Georginio Rutter,FRA,FW,20
3113,Stanley N'Soki,FRA,DF,23
3114,Kevin Akpoguma,NGA,DF,27
3115,Pavel Kadeřábek,CZE,"DF,FW",30
3116,Moanes Dabbur,ISR,FW,30
3117,Sebastian Rudy,GER,MF,32
3118,Angelo Stiller,GER,MF,21
3119,Jacob Bruun Larsen,DEN,FW,24
3120,Ihlas Bebou,TOG,"FW,DF",28
3121,Tom Bischof,GER,"MF,FW",17
3122,John Brooks,USA,DF,30
3123,Kasper Dolberg,DEN,FW,25
3124,Muhammed Damar,GER,MF,18
3125,Eduardo Simões,POR,DF,20
3126,Thomas Delaney,DEN,MF,31
3127,Diadie Samassékou,MLI,"MF,FW",27
3128,Stefan Posch,AUT,DF,25
3129,Ermin Bičakčić,BIH,DF,33
3130,Umut Tohumcu,GER,MF,18
3131,Fisnik Asllani,KVX,"FW,MF",20
3132,Finn Ole Becker,GER,MF,22
3133,Joshua Quarshie,GER,MF,18
3134,Justin Che,USA,DF,19
3135,Nahuel Noll,GER,GK,19
3136,Philipp Pentke,GER,GK,37
3137,Luca Philipp,GER,GK,22
3138,Manuel Riemann,GER,GK,34
3139,Anthony Losilla,FRA,MF,36
3140,Kevin Stöger,AUT,MF,29
3141,Philipp Hofmann,GER,FW,29
3142,Ivan Ordets,UKR,DF,30
3143,Cristian Gamboa,CRC,DF,33
3144,Simon Zoller,GER,FW,31
3145,Danilo Soares,BRA,DF,31
3146,Philipp Förster,GER,MF,28
3147,Erhan Mašović,SRB,"DF,MF",24
3148,Gerrit Holtmann,PHI,FW,27
3149,Takuma Asano,JPN,"FW,MF",28
3150,Christopher Antwi-Adjei,GHA,"FW,MF",29
3151,Vassilis Lambropoulos,GRE,DF,32
3152,Saidy Janko,GAM,DF,27
3153,Jordi Osei-Tutu,ENG,"FW,DF",24
3154,Kostas Stafylidis,GRE,"MF,DF",29
3155,Dominique Heintz,GER,DF,29
3156,Patrick Osterhage,GER,"MF,FW",23
3157,Keven Schlotterbeck,GER,DF,25
3158,Tim Oermann,GER,DF,19
3159,Jacek Góralski,POL,MF,30
3160,Pierre Kunde,CMR,MF,27
3161,Jannes Horn,GER,"DF,FW",26
3162,Silvère Ganvoula M'Boussy,CGO,FW,26
3163,Moritz Broschinski,GER,FW,22
3164,Tarsis Bonga,GER,MF,26
3165,Michael Esser,GER,GK,35
3166,Marko Johansson,SWE,GK,24
3167,Lys Mousset,FRA,"FW,MF",27
3168,Mohammed Tolba,GER,DF,18
3169,Florian Müller,GER,GK,25
3170,Waldemar Anton,GER,DF,26
3171,Wataru Endo,JPN,MF,29
3172,Naouirou Ahamada,FRA,MF,20
3173,Hiroki Ito,JPN,DF,23
3174,Konstantinos Mavropanos,GRE,DF,25
3175,Silas Katompa,COD,"FW,DF",24
3176,Chris Führich,GER,"FW,MF",25
3177,Sehrou Guirassy,GUI,FW,26
3178,Tiago Tomás,POR,"FW,MF",20
3179,Borna Sosa,CRO,"DF,MF",25
3180,Atakan Karazor,GER,MF,26
3181,Josha Vagnoman,GER,"DF,MF",22
3182,Luca Pfeiffer,GER,FW,26
3183,Dan-Axel Zagadou,FRA,DF,23
3184,Nikolas Nartey,DEN,"DF,MF",22
3185,Enzo Millot,FRA,MF,20
3186,Pascal Stenzel,GER,DF,26
3187,Sasa Kalajdzic,AUT,FW,25
3188,Lilian Egloff,GER,"MF,FW",20
3189,Juan Perea,COL,"FW,DF",22
3190,Genki Haraguchi,JPN,MF,31
3191,Thomas Kastanaras,GRE,"FW,DF",20
3192,Gil Bastião Dias,POR,FW,26
3193,Tanguy Coulibaly,FRA,"DF,FW",21
3194,Darko Churlinov,MKD,FW,22
3195,Clinton Mola,ENG,DF,21
3196,Lauren Ulrich,GER,MF,18
3197,Alou Kuol,AUS,FW,22
3198,Antonis Aidonis,GER,DF,21
3199,Fabian Bredlow,GER,GK,27
3200,Nicolas Glaus,SUI,GK,20
3201,Mattis Hoppe,GER,DF,19
3202,Mateo Klimowicz,GER,MF,22
3203,Leon Reichardt,GER,DF,18
3204,Oliver Christensen,DEN,GK,23
3205,Marc-Oliver Kempf,GER,DF,28
3206,Lucas Tousart,FRA,MF,25
3207,Jonjoe Kenny,ENG,DF,25
3208,Dodi Lukebakio,BEL,"FW,MF",25
3209,Suat Serdar,GER,MF,25
3210,Marvin Plattenhardt,GER,DF,31
3211,Wilfried Kanga,CIV,FW,24
3212,Ivan Šunjić,CRO,MF,26
3213,Marco Richter,GER,"MF,FW",25
3214,Agustín Rogel,URU,DF,25
3215,Chidera Ejuke,NGA,"FW,MF",25
3216,Filip Uremović,CRO,DF,25
3217,Jean-Paul Boëtius,NED,MF,28
3218,Maximilian Mittelstädt,GER,DF,25
3219,Stevan Jovetić,MNE,"FW,MF",33
3220,Davie Selke,GER,FW,28
3221,Márton Dárdai,GER,DF,20
3222,Derry Scherhant,GER,FW,20
3223,Kevin-Prince Boateng,GHA,MF,35
3224,Florian Niederlechner,GER,FW,32
3225,Myziane Maolida,FRA,"FW,MF",23
3226,Peter Pekarík,SVK,DF,36
3227,Jessic Ngankam,GER,"MF,FW",22
3228,Tolga Ciğerci,TUR,MF,30
3229,Vladimír Darida,CZE,MF,32
3230,Julian Eitschberger,GER,MF,18
3231,Tjark Ernst,GER,GK,19
3232,Linus Gechter,GER,DF,18
3233,Rune Jarstein,NOR,GK,38
3234,Robert Kwasigroch,GER,GK,18
3235,Deyovaisio Zeefuik,NED,DF,24
3236,Maya Yoshida,JPN,DF,34
3237,Tom Krauß,GER,MF,21
3238,Alexander Schwolow,GER,GK,30
3239,Marius Bülter,GER,"FW,MF",29
3240,Cédric Brunner,SUI,DF,28
3241,Simon Terodde,GER,FW,34
3242,Alex Král,CZE,MF,24
3243,Henning Matriciani,GER,DF,22
3244,Dominick Drexler,GER,"MF,FW",32
3245,Thomas Ouwejan,NED,DF,26
3246,Tobias Mohr,GER,"DF,MF",27
3247,Florian Flick,GER,MF,22
3248,Jordan Larsson,SWE,"FW,MF",25
3249,Sebastian Polter,GER,"FW,MF",31
3250,Danny Latza,GER,MF,33
3251,Florent Mollet,FRA,MF,31
3252,Rodrigo Zalazar,URU,"MF,FW",23
3253,Kenan Karaman,TUR,FW,28
3254,Sepp van den Berg,NED,DF,21
3255,Soichiro Kozuki,JPN,"FW,MF",22
3256,Jere Uronen,FIN,DF,28
3257,Malick Thiaw,GER,DF,21
3258,Leo Greiml,AUT,DF,21
3259,Ralf Fährmann,GER,GK,34
3260,Moritz Jenz,GER,DF,23
3261,Tim Skarke,GER,"MF,FW",26
3262,Mehmet-Can Aydin,GER,DF,20
3263,Michael Frey,SUI,FW,28
3264,Marcin Kamiński,POL,DF,31
3265,Éder Álvarez Balanta,COL,MF,29
3266,Kerim Calhanoglu,GER,DF,20
3267,Andreas Ivan,ROU,MF,28
3268,Timothée Kolodziejczak,FRA,DF,31
3269,Sidi Sané,GER,FW,19
3270,Justin Heekeren,GER,GK,22
3271,Keke Maximilian Topp,GER,FW,18
3272,Joey Paul Müller,GER,MF,22
3273,Julius Schell,GER,MF,23
